Corretor;Terminal;CNPJ;Fantasia;Razao;Tipo Terminal;Tipo Segurado;Data Validade Inicial;Data Validade Final;Ramo;Numero;Data Inicial;Data Final;Ultima atualizacao apolice;Prazo para averbar;Prazo em horas
ATM-CELSO 2;11200014;001083012000190;ATM-CELSO 2;ATM-CELSO 2;Multi Empresa;Principal;01/01/2015 00:00:00;31/12/2030 00:00:00;21;21;01/01/2017;31/12/2019;2018-12-07 10:19:00.000000;O segurado pode averbar no dia do embarque (at? 23hs59);24
ATM-CELSO 2;11200014;001083012000190;ATM-CELSO 2;ATM-CELSO 2;Multi Empresa;Principal;01/01/2015 00:00:00;31/12/2030 00:00:00;54;54;01/01/2017;31/12/2019;2018-04-11 09:40:13.307873;O segurado tem o prazo maximo de horas para averbar de;0  
ATM-CELSO 2;11200014;001083012000190;ATM-CELSO 2;ATM-CELSO 2;Multi Empresa;Principal;01/01/2015 00:00:00;31/12/2030 00:00:00;55;55;01/01/2017;31/12/2019;2018-12-07 10:18:34.000000;O segurado pode averbar no dia do embarque (at? 23hs59);24
ATM-CELSO 2;11200017;001083012000190;ATM-GEANDRO 3;ATM-GEANDRO 2;Multi Empresa;Principal;01/01/2015 00:00:00;31/12/2030 00:00:00;21;55343;17/10/2018;10/02/2019;2018-12-04 14:34:49.000000;A cobertura inicia a partir da data de averbacao (Data de Embarque = Data de Averbacao);24
ATM-CELSO 2;11200017;001083012000190;ATM-GEANDRO 3;ATM-GEANDRO 2;Multi Empresa;Principal;01/01/2015 00:00:00;31/12/2030 00:00:00;27;123;06/02/2018;28/02/2020;2018-06-20 16:18:52.535189;O segurado deve averbar antes do embarque;
ATM-CELSO 2;11200017;001083012000190;ATM-GEANDRO 3;ATM-GEANDRO 2;Multi Empresa;Principal;01/01/2015 00:00:00;31/12/2030 00:00:00;44;123456;02/02/2018;28/02/2019;2018-12-03 10:24:48.747729;O segurado tem o prazo maximo de horas para averbar de;72
ATM-CELSO 2;11200017;001083012000190;ATM-GEANDRO 3;ATM-GEANDRO 2;Multi Empresa;Principal;01/01/2015 00:00:00;31/12/2030 00:00:00;54;1111;01/12/2018;31/07/2019;2018-12-10 08:59:35.000000;O segurado deve averbar antes do embarque;
ATM-CELSO 2;11200017;001083012000190;ATM-GEANDRO 3;ATM-GEANDRO 2;Multi Empresa;Principal;01/01/2015 00:00:00;31/12/2030 00:00:00;55;1111;01/12/2018;31/07/2019;2018-12-10 09:00:17.000000;O segurado deve averbar antes do embarque;
ATM-CELSO 2;11200017;001083012000190;ATM-GEANDRO 3;ATM-GEANDRO 2;Multi Empresa;Principal;01/01/2015 00:00:00;31/12/2030 00:00:00;56;4234;01/08/2017;03/08/2019;2018-06-20 16:18:52.535189;O segurado deve averbar antes do embarque;
ATM-CELSO 2;11200017;001083012000190;ATM-GEANDRO 3;ATM-GEANDRO 2;Multi Empresa;Principal;01/01/2015 00:00:00;31/12/2030 00:00:00;95;123;04/08/2017;02/11/2019;2018-06-20 16:18:52.535189;O segurado pode averbar no dia do embarque (at? 23hs59);24
ATM-CELSO 2;11200017;001083012000190;ATM-GEANDRO 3;ATM-GEANDRO 2;Multi Empresa;Principal;01/01/2015 00:00:00;31/12/2030 00:00:00;96;E;01/06/2019;10/11/2019;2018-06-20 16:18:52.535189;A cobertura inicia a partir da data de averbacao (Data de Embarque = Data de Averbacao);24
ATM-CELSO 2;11251575;001143510000180;ATM-MARCELO;ATM-MARCELO;Empresarial;Principal;18/09/2017 00:00:00;31/12/2020 00:00:00;21;julia;01/12/2017;31/10/2019;2018-11-07 10:52:11.346285;O segurado tem o prazo maximo de horas para averbar de;1
ATM-CELSO 2;11270055;009526131000262;ATM-ABNER;ATM-ABNER;Multi Empresa;Principal;01/01/2015 00:00:00;31/12/2030 00:00:00;21;21;18/09/2018;31/12/2019;2018-12-10 09:58:04.000000;O segurado deve averbar antes do embarque;
ATM-CELSO 2;11270055;009526131000262;ATM-ABNER;ATM-ABNER;Multi Empresa;Principal;01/01/2015 00:00:00;31/12/2030 00:00:00;38;38;11/04/2018;31/12/2019;2018-12-07 10:47:45.000000;O segurado deve averbar antes do embarque;
ATM-CELSO 2;11270055;009526131000262;ATM-ABNER;ATM-ABNER;Multi Empresa;Principal;01/01/2015 00:00:00;31/12/2030 00:00:00;44;1234;15/10/2018;31/12/2019;2018-12-07 10:47:33.000000;O segurado deve averbar antes do embarque;
ATM-CELSO 2;11270055;009526131000262;ATM-ABNER;ATM-ABNER;Multi Empresa;Principal;01/01/2015 00:00:00;31/12/2030 00:00:00;54;232;01/11/2018;31/12/2019;2018-12-07 10:47:58.000000;O segurado deve averbar antes do embarque;
ATM-CELSO 2;11270055;009526131000262;ATM-ABNER;ATM-ABNER;Multi Empresa;Principal;01/01/2015 00:00:00;31/12/2030 00:00:00;55;232;01/11/2018;31/12/2019;2018-12-07 10:48:29.000000;O segurado deve averbar antes do embarque;
ATM-CELSO 2;11270055;009526131000262;ATM-ABNER;ATM-ABNER;Multi Empresa;Principal;01/01/2015 00:00:00;31/12/2030 00:00:00;95;TESTE;11/07/2015;31/12/2019;2018-12-07 10:48:40.000000;O segurado tem o prazo maximo de horas para averbar de;0  
ATM-CELSO 2;11270055;009526131000262;ATM-ABNER;ATM-ABNER;Multi Empresa;Principal;01/01/2015 00:00:00;31/12/2030 00:00:00;96;TESTE;12/07/2015;31/12/2019;2018-12-07 10:49:36.000000;A cobertura inicia a partir da data de averbacao (Data de Embarque = Data de Averbacao);24
ATM-CELSO 2;11350145;038122823000162;JACQUELINE EMP;EMPRESARIAL TESTE JACQUELINE ;Empresarial;Principal;01/01/2015 00:00:00;31/12/2030 00:00:00;21;teste;04/08/2017;30/12/2019;2018-12-12 13:50:02.670192;O segurado deve averbar antes do embarque;
ATM-CELSO 2;11360075;001143510000261;ATM RAFAEL;ATM RAFAEL;Empresarial;Principal;01/01/2015 00:00:00;31/12/2030 00:00:00;21;123;01/02/2018;31/01/2019;2019-01-10 15:53:59.554780;O segurado deve averbar antes do embarque;
ATM-CELSO 2;11372070;001083012000190;TESTE ATM & ME;TESTE ATM ME;Multi Empresa;Principal;01/03/2018 00:00:00;31/12/2020 00:00:00;27;EM EMISSAO;07/03/2018;31/12/2020;2018-11-27 18:14:59.356648;O segurado tem o prazo maximo de horas para averbar de;0
ATM-CELSO 2;11372070;001083012000190;TESTE ATM & ME;TESTE ATM ME;Multi Empresa;Principal;01/03/2018 00:00:00;31/12/2020 00:00:00;38;EM EMISSAO;07/03/2018;31/12/2020;2018-03-29 16:12:38.261908;O segurado tem o prazo maximo de horas para averbar de;0
ATM-CELSO 2;11372070;001083012000190;TESTE ATM & ME;TESTE ATM ME;Multi Empresa;Principal;01/03/2018 00:00:00;31/12/2020 00:00:00;44;EM EMISSAO;07/03/2018;31/12/2020;2018-03-29 16:12:38.549600;O segurado tem o prazo maximo de horas para averbar de;0
ATM-CELSO 2;11372070;001083012000190;TESTE ATM & ME;TESTE ATM ME;Multi Empresa;Principal;01/03/2018 00:00:00;31/12/2020 00:00:00;54;EM EMISSAO;07/03/2018;31/12/2020;2018-12-19 16:50:26.704662;O segurado tem o prazo maximo de horas para averbar de;0
ATM-CELSO 2;11372070;001083012000190;TESTE ATM & ME;TESTE ATM ME;Multi Empresa;Principal;01/03/2018 00:00:00;31/12/2020 00:00:00;55;EM EMISSAO;07/03/2018;31/12/2020;2018-12-19 16:50:26.698656;O segurado tem o prazo maximo de horas para averbar de;0
ATM-CELSO 2;11372070;001083012000190;TESTE ATM & ME;TESTE ATM ME;Multi Empresa;Principal;01/03/2018 00:00:00;31/12/2020 00:00:00;56;EM EMISSAO;07/03/2018;31/12/2020;2018-03-29 16:12:39.453008;O segurado tem o prazo maximo de horas para averbar de;0
ATM-CELSO 2;11372070;001083012000190;TESTE ATM & ME;TESTE ATM ME;Multi Empresa;Principal;01/03/2018 00:00:00;31/12/2020 00:00:00;58;EM EMISSAO;07/03/2018;31/12/2020;2018-03-29 16:12:39.737130;O segurado tem o prazo maximo de horas para averbar de;0
ATM-CELSO 2;11372070;001083012000190;TESTE ATM & ME;TESTE ATM ME;Multi Empresa;Principal;01/03/2018 00:00:00;31/12/2020 00:00:00;95;EM EMISSAO;07/03/2018;31/12/2020;2018-03-29 16:12:40.024220;O segurado tem o prazo maximo de horas para averbar de;0
ATM-CELSO 2;11372070;001083012000190;TESTE ATM & ME;TESTE ATM ME;Multi Empresa;Principal;01/03/2018 00:00:00;31/12/2020 00:00:00;96;EM EMISSAO;07/03/2018;31/01/2020;2018-03-29 16:12:37.362617;O segurado tem o prazo maximo de horas para averbar de;0
ATM-CELSO 2;11372071;000000000000191;TESTE ATM EMP;TESTE ATM EMP;Empresarial;Principal;10/10/2018 00:00:00;31/12/2020 00:00:00;21;em emissao;01/01/2019;31/01/2019;2019-01-11 11:37:38.000000;O segurado deve averbar antes do embarque;0
ATM-CELSO 2;11390002;000945852000151;TESTE EVENTO 8;TESTE EVENTO 8;Multi Empresa;Principal;01/01/2019 00:00:00;31/01/2019 00:00:00;21;123;01/01/2019;31/01/2019;2019-01-16 13:55:44.991683;O segurado pode averbar no dia do embarque (at? 23hs59);24
ATM-CELSO 2;11390002;000945852000151;TESTE EVENTO 8;TESTE EVENTO 8;Multi Empresa;Principal;01/01/2019 00:00:00;31/01/2019 00:00:00;54;123;01/01/2019;31/01/2019;2019-01-16 14:06:01.051618;O segurado pode averbar no dia do embarque (at? 23hs59);24
ATM-CELSO 2;11390002;000945852000151;TESTE EVENTO 8;TESTE EVENTO 8;Multi Empresa;Principal;01/01/2019 00:00:00;31/01/2019 00:00:00;55;123;01/01/2019;31/01/2019;2019-01-16 13:55:44.973042;O segurado pode averbar no dia do embarque (at? 23hs59);24
ATM-CELSO 2;11390003;000945852000151;TESTE EVENTO 3;TESTE EVENTO 3;Multi Empresa;Principal;01/01/2019 00:00:00;31/01/2019 00:00:00;21;123;01/01/2019;31/01/2019;2019-01-16 13:55:44.963668;O segurado pode averbar no dia do embarque (at? 23hs59);24
ATM-CELSO 2;11390003;000945852000151;TESTE EVENTO 3;TESTE EVENTO 3;Multi Empresa;Principal;01/01/2019 00:00:00;31/01/2019 00:00:00;54;123;01/01/2019;31/01/2019;2019-01-16 13:55:44.954249;O segurado pode averbar no dia do embarque (at? 23hs59);24
ATM-CELSO 2;11390003;000945852000151;TESTE EVENTO 3;TESTE EVENTO 3;Multi Empresa;Principal;01/01/2019 00:00:00;31/01/2019 00:00:00;55;123;01/01/2019;31/01/2019;2019-01-16 13:55:44.944961;O segurado pode averbar no dia do embarque (at? 23hs59);24
ATM-CELSO 2;11390004;000945852000151;TESTE EVENTO 4;TESTE EVENTO 4;Multi Empresa;Principal;01/01/2019 00:00:00;31/01/2019 00:00:00;21;123;01/01/2019;31/01/2019;2019-01-16 13:55:44.935274;O segurado pode averbar no dia do embarque (at? 23hs59);24
ATM-CELSO 2;11390004;000945852000151;TESTE EVENTO 4;TESTE EVENTO 4;Multi Empresa;Principal;01/01/2019 00:00:00;31/01/2019 00:00:00;54;123;01/01/2019;31/01/2019;2019-01-16 13:55:44.925686;O segurado pode averbar no dia do embarque (at? 23hs59);24
ATM-CELSO 2;11390004;000945852000151;TESTE EVENTO 4;TESTE EVENTO 4;Multi Empresa;Principal;01/01/2019 00:00:00;31/01/2019 00:00:00;55;123;01/01/2019;31/01/2019;2019-01-16 13:55:44.916296;O segurado pode averbar no dia do embarque (at? 23hs59);24
ATM-CELSO 2;11390005;000945852000151;TESTE EVENTO 9;TESTE EVENTO 9;Multi Empresa;Principal;01/01/2019 00:00:00;31/01/2019 00:00:00;21;123;01/01/2019;31/01/2019;2019-01-16 13:55:44.906998;O segurado pode averbar no dia do embarque (at? 23hs59);24
ATM-CELSO 2;11390005;000945852000151;TESTE EVENTO 9;TESTE EVENTO 9;Multi Empresa;Principal;01/01/2019 00:00:00;31/01/2019 00:00:00;54;123;01/01/2019;31/01/2019;2019-01-16 13:55:44.897214;O segurado pode averbar no dia do embarque (at? 23hs59);24
ATM-CELSO 2;11390005;000945852000151;TESTE EVENTO 9;TESTE EVENTO 9;Multi Empresa;Principal;01/01/2019 00:00:00;31/01/2019 00:00:00;55;123;01/01/2019;31/01/2019;2019-01-16 13:55:44.647857;O segurado pode averbar no dia do embarque (at? 23hs59);24
ATM-CELSO 2;11390006;000945852000151;TESTE EVENTO 5;TESTE EVENTO 5;Multi Empresa;Principal;01/01/2019 00:00:00;31/01/2019 00:00:00;21;123;01/01/2019;31/01/2019;2019-01-16 13:55:44.634082;O segurado pode averbar no dia do embarque (at? 23hs59);24
ATM-CELSO 2;11390006;000945852000151;TESTE EVENTO 5;TESTE EVENTO 5;Multi Empresa;Principal;01/01/2019 00:00:00;31/01/2019 00:00:00;54;123;01/01/2019;31/01/2019;2019-01-16 13:55:44.608668;O segurado pode averbar no dia do embarque (at? 23hs59);24
ATM-CELSO 2;11390006;000945852000151;TESTE EVENTO 5;TESTE EVENTO 5;Multi Empresa;Principal;01/01/2019 00:00:00;31/01/2019 00:00:00;55;123;01/01/2019;31/01/2019;2019-01-16 13:55:44.598966;O segurado pode averbar no dia do embarque (at? 23hs59);24
ATM-CELSO 2;11390007;000945852000151;TESTE EVENTO 6;TESTE EVENTO 6;Multi Empresa;Principal;01/01/2019 00:00:00;31/01/2019 00:00:00;21;123;01/01/2019;31/01/2019;2019-01-16 13:55:44.590227;O segurado pode averbar no dia do embarque (at? 23hs59);24
ATM-CELSO 2;11390007;000945852000151;TESTE EVENTO 6;TESTE EVENTO 6;Multi Empresa;Principal;01/01/2019 00:00:00;31/01/2019 00:00:00;54;123;01/01/2019;31/01/2019;2019-01-16 13:55:44.573861;O segurado pode averbar no dia do embarque (at? 23hs59);24
ATM-CELSO 2;11390007;000945852000151;TESTE EVENTO 6;TESTE EVENTO 6;Multi Empresa;Principal;01/01/2019 00:00:00;31/01/2019 00:00:00;55;123;01/01/2019;31/01/2019;2019-01-16 13:55:44.556960;O segurado pode averbar no dia do embarque (at? 23hs59);24
ATM-CELSO 2;11390008;000945852000151;TESTE EVENTO 1;TESTE EVENTO 1;Multi Empresa;Principal;01/01/2019 00:00:00;31/01/2019 00:00:00;21;123;01/01/2019;31/01/2019;2019-01-16 13:56:51.047276;O segurado pode averbar no dia do embarque (at? 23hs59);24
ATM-CELSO 2;11390008;000945852000151;TESTE EVENTO 1;TESTE EVENTO 1;Multi Empresa;Principal;01/01/2019 00:00:00;31/01/2019 00:00:00;54;123;01/01/2019;31/01/2019;2019-01-16 13:56:51.036846;O segurado pode averbar no dia do embarque (at? 23hs59);24
ATM-CELSO 2;11390008;000945852000151;TESTE EVENTO 1;TESTE EVENTO 1;Multi Empresa;Principal;01/01/2019 00:00:00;31/01/2019 00:00:00;55;123;01/01/2019;31/01/2019;2019-01-16 13:56:51.026299;O segurado pode averbar no dia do embarque (at? 23hs59);24
ATM-CELSO 2;11390009;000945852000151;TESTE EVENTO 7;TESTE EVENTO 7;Multi Empresa;Principal;01/01/2019 00:00:00;31/01/2019 00:00:00;21;123;01/01/2019;31/01/2019;2019-01-16 13:55:44.519004;O segurado pode averbar no dia do embarque (at? 23hs59);24
ATM-CELSO 2;11390009;000945852000151;TESTE EVENTO 7;TESTE EVENTO 7;Multi Empresa;Principal;01/01/2019 00:00:00;31/01/2019 00:00:00;54;123;01/01/2019;31/01/2019;2019-01-16 13:55:44.509768;O segurado pode averbar no dia do embarque (at? 23hs59);24
ATM-CELSO 2;11390009;000945852000151;TESTE EVENTO 7;TESTE EVENTO 7;Multi Empresa;Principal;01/01/2019 00:00:00;31/01/2019 00:00:00;55;123;01/01/2019;31/01/2019;2019-01-16 13:55:44.500366;O segurado pode averbar no dia do embarque (at? 23hs59);24
ATM-CELSO 2;11390010;000945852000151;TESTE EVENTO 2;TESTE EVENTO 2;Multi Empresa;Principal;01/01/2019 00:00:00;31/01/2019 00:00:00;21;123;01/01/2019;31/01/2019;2019-01-16 13:52:25.000000;O segurado pode averbar no dia do embarque (at? 23hs59);24
ATM-CELSO 2;11390010;000945852000151;TESTE EVENTO 2;TESTE EVENTO 2;Multi Empresa;Principal;01/01/2019 00:00:00;31/01/2019 00:00:00;54;123;01/01/2019;31/01/2019;2019-01-16 13:52:31.000000;O segurado pode averbar no dia do embarque (at? 23hs59);24
ATM-CELSO 2;11390010;000945852000151;TESTE EVENTO 2;TESTE EVENTO 2;Multi Empresa;Principal;01/01/2019 00:00:00;31/01/2019 00:00:00;55;123;01/01/2019;31/01/2019;2019-01-16 13:52:39.000000;O segurado pode averbar no dia do embarque (at? 23hs59);24
ATM ADELINO;11200014;009526131000262;TESTE2;TESTE2;Multi Empresa;Adicional;01/01/2015 00:00:00;31/12/2030 00:00:00;21;21;01/01/2017;31/12/2019;2018-12-07 10:19:00.000000;O segurado pode averbar no dia do embarque (at? 23hs59);24
ATM ADELINO;11200014;009526131000262;TESTE2;TESTE2;Multi Empresa;Adicional;01/01/2015 00:00:00;31/12/2030 00:00:00;54;54;01/01/2017;31/12/2019;2018-04-11 09:40:13.307873;O segurado tem o prazo maximo de horas para averbar de;0  
ATM ADELINO;11200014;009526131000262;TESTE2;TESTE2;Multi Empresa;Adicional;01/01/2015 00:00:00;31/12/2030 00:00:00;55;55;01/01/2017;31/12/2019;2018-12-07 10:18:34.000000;O segurado pode averbar no dia do embarque (at? 23hs59);24
ATM ADELINO;11200017;000816478000194;TESTE;BABI;Multi Empresa;Adicional;01/01/2015 00:00:00;31/12/2030 00:00:00;21;55343;17/10/2018;10/02/2019;2018-12-04 14:34:49.000000;A cobertura inicia a partir da data de averbacao (Data de Embarque = Data de Averbacao);24
ATM ADELINO;11200017;000816478000194;TESTE;BABI;Multi Empresa;Adicional;01/01/2015 00:00:00;31/12/2030 00:00:00;27;123;06/02/2018;28/02/2020;2018-06-20 16:18:52.535189;O segurado deve averbar antes do embarque;
ATM ADELINO;11200017;000816478000194;TESTE;BABI;Multi Empresa;Adicional;01/01/2015 00:00:00;31/12/2030 00:00:00;44;123456;02/02/2018;28/02/2019;2018-12-03 10:24:48.747729;O segurado tem o prazo maximo de horas para averbar de;72
ATM ADELINO;11200017;000816478000194;TESTE;BABI;Multi Empresa;Adicional;01/01/2015 00:00:00;31/12/2030 00:00:00;54;1111;01/12/2018;31/07/2019;2018-12-10 08:59:35.000000;O segurado deve averbar antes do embarque;
ATM ADELINO;11200017;000816478000194;TESTE;BABI;Multi Empresa;Adicional;01/01/2015 00:00:00;31/12/2030 00:00:00;55;1111;01/12/2018;31/07/2019;2018-12-10 09:00:17.000000;O segurado deve averbar antes do embarque;
ATM ADELINO;11200017;000816478000194;TESTE;BABI;Multi Empresa;Adicional;01/01/2015 00:00:00;31/12/2030 00:00:00;56;4234;01/08/2017;03/08/2019;2018-06-20 16:18:52.535189;O segurado deve averbar antes do embarque;
ATM ADELINO;11200017;000816478000194;TESTE;BABI;Multi Empresa;Adicional;01/01/2015 00:00:00;31/12/2030 00:00:00;95;123;04/08/2017;02/11/2019;2018-06-20 16:18:52.535189;O segurado pode averbar no dia do embarque (at? 23hs59);24
ATM ADELINO;11200017;000816478000194;TESTE;BABI;Multi Empresa;Adicional;01/01/2015 00:00:00;31/12/2030 00:00:00;96;E;01/06/2019;10/11/2019;2018-06-20 16:18:52.535189;A cobertura inicia a partir da data de averbacao (Data de Embarque = Data de Averbacao);24
ATM ADELINO;11200017;000945852000151;TESTE SERPRO;TESTE SERPRO;Multi Empresa;Adicional;01/01/2015 00:00:00;31/12/2030 00:00:00;21;55343;17/10/2018;10/02/2019;2018-12-04 14:34:49.000000;A cobertura inicia a partir da data de averbacao (Data de Embarque = Data de Averbacao);24
ATM ADELINO;11200017;000945852000151;TESTE SERPRO;TESTE SERPRO;Multi Empresa;Adicional;01/01/2015 00:00:00;31/12/2030 00:00:00;27;123;06/02/2018;28/02/2020;2018-06-20 16:18:52.535189;O segurado deve averbar antes do embarque;
ATM ADELINO;11200017;000945852000151;TESTE SERPRO;TESTE SERPRO;Multi Empresa;Adicional;01/01/2015 00:00:00;31/12/2030 00:00:00;44;123456;02/02/2018;28/02/2019;2018-12-03 10:24:48.747729;O segurado tem o prazo maximo de horas para averbar de;72
ATM ADELINO;11200017;000945852000151;TESTE SERPRO;TESTE SERPRO;Multi Empresa;Adicional;01/01/2015 00:00:00;31/12/2030 00:00:00;54;1111;01/12/2018;31/07/2019;2018-12-10 08:59:35.000000;O segurado deve averbar antes do embarque;
ATM ADELINO;11200017;000945852000151;TESTE SERPRO;TESTE SERPRO;Multi Empresa;Adicional;01/01/2015 00:00:00;31/12/2030 00:00:00;55;1111;01/12/2018;31/07/2019;2018-12-10 09:00:17.000000;O segurado deve averbar antes do embarque;
ATM ADELINO;11200017;000945852000151;TESTE SERPRO;TESTE SERPRO;Multi Empresa;Adicional;01/01/2015 00:00:00;31/12/2030 00:00:00;56;4234;01/08/2017;03/08/2019;2018-06-20 16:18:52.535189;O segurado deve averbar antes do embarque;
ATM ADELINO;11200017;000945852000151;TESTE SERPRO;TESTE SERPRO;Multi Empresa;Adicional;01/01/2015 00:00:00;31/12/2030 00:00:00;95;123;04/08/2017;02/11/2019;2018-06-20 16:18:52.535189;O segurado pode averbar no dia do embarque (at? 23hs59);24
ATM ADELINO;11200017;000945852000151;TESTE SERPRO;TESTE SERPRO;Multi Empresa;Adicional;01/01/2015 00:00:00;31/12/2030 00:00:00;96;E;01/06/2019;10/11/2019;2018-06-20 16:18:52.535189;A cobertura inicia a partir da data de averbacao (Data de Embarque = Data de Averbacao);24
ATM ADELINO;11200017;004369469000153;TESTE T;TESTE T;Multi Empresa;Adicional;01/01/2015 00:00:00;31/12/2030 00:00:00;21;55343;17/10/2018;10/02/2019;2018-12-04 14:34:49.000000;A cobertura inicia a partir da data de averbacao (Data de Embarque = Data de Averbacao);24
ATM ADELINO;11200017;004369469000153;TESTE T;TESTE T;Multi Empresa;Adicional;01/01/2015 00:00:00;31/12/2030 00:00:00;27;123;06/02/2018;28/02/2020;2018-06-20 16:18:52.535189;O segurado deve averbar antes do embarque;
ATM ADELINO;11200017;004369469000153;TESTE T;TESTE T;Multi Empresa;Adicional;01/01/2015 00:00:00;31/12/2030 00:00:00;44;123456;02/02/2018;28/02/2019;2018-12-03 10:24:48.747729;O segurado tem o prazo maximo de horas para averbar de;72
ATM ADELINO;11200017;004369469000153;TESTE T;TESTE T;Multi Empresa;Adicional;01/01/2015 00:00:00;31/12/2030 00:00:00;54;1111;01/12/2018;31/07/2019;2018-12-10 08:59:35.000000;O segurado deve averbar antes do embarque;
ATM ADELINO;11200017;004369469000153;TESTE T;TESTE T;Multi Empresa;Adicional;01/01/2015 00:00:00;31/12/2030 00:00:00;55;1111;01/12/2018;31/07/2019;2018-12-10 09:00:17.000000;O segurado deve averbar antes do embarque;
ATM ADELINO;11200017;004369469000153;TESTE T;TESTE T;Multi Empresa;Adicional;01/01/2015 00:00:00;31/12/2030 00:00:00;56;4234;01/08/2017;03/08/2019;2018-06-20 16:18:52.535189;O segurado deve averbar antes do embarque;
ATM ADELINO;11200017;004369469000153;TESTE T;TESTE T;Multi Empresa;Adicional;01/01/2015 00:00:00;31/12/2030 00:00:00;95;123;04/08/2017;02/11/2019;2018-06-20 16:18:52.535189;O segurado pode averbar no dia do embarque (at? 23hs59);24
ATM ADELINO;11200017;004369469000153;TESTE T;TESTE T;Multi Empresa;Adicional;01/01/2015 00:00:00;31/12/2030 00:00:00;96;E;01/06/2019;10/11/2019;2018-06-20 16:18:52.535189;A cobertura inicia a partir da data de averbacao (Data de Embarque = Data de Averbacao);24
ATM ADELINO;11200017;006151921000646;TESTE2;TESTE2;Multi Empresa;Adicional;01/01/2015 00:00:00;31/12/2030 00:00:00;21;55343;17/10/2018;10/02/2019;2018-12-04 14:34:49.000000;A cobertura inicia a partir da data de averbacao (Data de Embarque = Data de Averbacao);24
ATM ADELINO;11200017;006151921000646;TESTE2;TESTE2;Multi Empresa;Adicional;01/01/2015 00:00:00;31/12/2030 00:00:00;27;123;06/02/2018;28/02/2020;2018-06-20 16:18:52.535189;O segurado deve averbar antes do embarque;
ATM ADELINO;11200017;006151921000646;TESTE2;TESTE2;Multi Empresa;Adicional;01/01/2015 00:00:00;31/12/2030 00:00:00;44;123456;02/02/2018;28/02/2019;2018-12-03 10:24:48.747729;O segurado tem o prazo maximo de horas para averbar de;72
ATM ADELINO;11200017;006151921000646;TESTE2;TESTE2;Multi Empresa;Adicional;01/01/2015 00:00:00;31/12/2030 00:00:00;54;1111;01/12/2018;31/07/2019;2018-12-10 08:59:35.000000;O segurado deve averbar antes do embarque;
ATM ADELINO;11200017;006151921000646;TESTE2;TESTE2;Multi Empresa;Adicional;01/01/2015 00:00:00;31/12/2030 00:00:00;55;1111;01/12/2018;31/07/2019;2018-12-10 09:00:17.000000;O segurado deve averbar antes do embarque;
ATM ADELINO;11200017;006151921000646;TESTE2;TESTE2;Multi Empresa;Adicional;01/01/2015 00:00:00;31/12/2030 00:00:00;56;4234;01/08/2017;03/08/2019;2018-06-20 16:18:52.535189;O segurado deve averbar antes do embarque;
ATM ADELINO;11200017;006151921000646;TESTE2;TESTE2;Multi Empresa;Adicional;01/01/2015 00:00:00;31/12/2030 00:00:00;95;123;04/08/2017;02/11/2019;2018-06-20 16:18:52.535189;O segurado pode averbar no dia do embarque (at? 23hs59);24
ATM ADELINO;11200017;006151921000646;TESTE2;TESTE2;Multi Empresa;Adicional;01/01/2015 00:00:00;31/12/2030 00:00:00;96;E;01/06/2019;10/11/2019;2018-06-20 16:18:52.535189;A cobertura inicia a partir da data de averbacao (Data de Embarque = Data de Averbacao);24
ATM ADELINO;11200017;007969968000170;TESTE3;TESTE3;Multi Empresa;Adicional;01/01/2015 00:00:00;31/12/2030 00:00:00;21;55343;17/10/2018;10/02/2019;2018-12-04 14:34:49.000000;A cobertura inicia a partir da data de averbacao (Data de Embarque = Data de Averbacao);24
ATM ADELINO;11200017;007969968000170;TESTE3;TESTE3;Multi Empresa;Adicional;01/01/2015 00:00:00;31/12/2030 00:00:00;27;123;06/02/2018;28/02/2020;2018-06-20 16:18:52.535189;O segurado deve averbar antes do embarque;
ATM ADELINO;11200017;007969968000170;TESTE3;TESTE3;Multi Empresa;Adicional;01/01/2015 00:00:00;31/12/2030 00:00:00;44;123456;02/02/2018;28/02/2019;2018-12-03 10:24:48.747729;O segurado tem o prazo maximo de horas para averbar de;72
ATM ADELINO;11200017;007969968000170;TESTE3;TESTE3;Multi Empresa;Adicional;01/01/2015 00:00:00;31/12/2030 00:00:00;54;1111;01/12/2018;31/07/2019;2018-12-10 08:59:35.000000;O segurado deve averbar antes do embarque;
ATM ADELINO;11200017;007969968000170;TESTE3;TESTE3;Multi Empresa;Adicional;01/01/2015 00:00:00;31/12/2030 00:00:00;55;1111;01/12/2018;31/07/2019;2018-12-10 09:00:17.000000;O segurado deve averbar antes do embarque;
ATM ADELINO;11200017;007969968000170;TESTE3;TESTE3;Multi Empresa;Adicional;01/01/2015 00:00:00;31/12/2030 00:00:00;56;4234;01/08/2017;03/08/2019;2018-06-20 16:18:52.535189;O segurado deve averbar antes do embarque;
ATM ADELINO;11200017;007969968000170;TESTE3;TESTE3;Multi Empresa;Adicional;01/01/2015 00:00:00;31/12/2030 00:00:00;95;123;04/08/2017;02/11/2019;2018-06-20 16:18:52.535189;O segurado pode averbar no dia do embarque (at? 23hs59);24
ATM ADELINO;11200017;007969968000170;TESTE3;TESTE3;Multi Empresa;Adicional;01/01/2015 00:00:00;31/12/2030 00:00:00;96;E;01/06/2019;10/11/2019;2018-06-20 16:18:52.535189;A cobertura inicia a partir da data de averbacao (Data de Embarque = Data de Averbacao);24
ATM ADELINO;11200017;009526131000262;TESTE5;TESTE5;Multi Empresa;Adicional;01/01/2015 00:00:00;31/12/2030 00:00:00;21;55343;17/10/2018;10/02/2019;2018-12-04 14:34:49.000000;A cobertura inicia a partir da data de averbacao (Data de Embarque = Data de Averbacao);24
ATM ADELINO;11200017;009526131000262;TESTE5;TESTE5;Multi Empresa;Adicional;01/01/2015 00:00:00;31/12/2030 00:00:00;27;123;06/02/2018;28/02/2020;2018-06-20 16:18:52.535189;O segurado deve averbar antes do embarque;
ATM ADELINO;11200017;009526131000262;TESTE5;TESTE5;Multi Empresa;Adicional;01/01/2015 00:00:00;31/12/2030 00:00:00;44;123456;02/02/2018;28/02/2019;2018-12-03 10:24:48.747729;O segurado tem o prazo maximo de horas para averbar de;72
ATM ADELINO;11200017;009526131000262;TESTE5;TESTE5;Multi Empresa;Adicional;01/01/2015 00:00:00;31/12/2030 00:00:00;54;1111;01/12/2018;31/07/2019;2018-12-10 08:59:35.000000;O segurado deve averbar antes do embarque;
ATM ADELINO;11200017;009526131000262;TESTE5;TESTE5;Multi Empresa;Adicional;01/01/2015 00:00:00;31/12/2030 00:00:00;55;1111;01/12/2018;31/07/2019;2018-12-10 09:00:17.000000;O segurado deve averbar antes do embarque;
ATM ADELINO;11200017;009526131000262;TESTE5;TESTE5;Multi Empresa;Adicional;01/01/2015 00:00:00;31/12/2030 00:00:00;56;4234;01/08/2017;03/08/2019;2018-06-20 16:18:52.535189;O segurado deve averbar antes do embarque;
ATM ADELINO;11200017;009526131000262;TESTE5;TESTE5;Multi Empresa;Adicional;01/01/2015 00:00:00;31/12/2030 00:00:00;95;123;04/08/2017;02/11/2019;2018-06-20 16:18:52.535189;O segurado pode averbar no dia do embarque (at? 23hs59);24
ATM ADELINO;11200017;009526131000262;TESTE5;TESTE5;Multi Empresa;Adicional;01/01/2015 00:00:00;31/12/2030 00:00:00;96;E;01/06/2019;10/11/2019;2018-06-20 16:18:52.535189;A cobertura inicia a partir da data de averbacao (Data de Embarque = Data de Averbacao);24
ATM ADELINO;11200017;014192776000165;FSDF;TESTE;Multi Empresa;Adicional;01/01/2015 00:00:00;31/12/2030 00:00:00;21;55343;17/10/2018;10/02/2019;2018-12-04 14:34:49.000000;A cobertura inicia a partir da data de averbacao (Data de Embarque = Data de Averbacao);24
ATM ADELINO;11200017;014192776000165;FSDF;TESTE;Multi Empresa;Adicional;01/01/2015 00:00:00;31/12/2030 00:00:00;27;123;06/02/2018;28/02/2020;2018-06-20 16:18:52.535189;O segurado deve averbar antes do embarque;
ATM ADELINO;11200017;014192776000165;FSDF;TESTE;Multi Empresa;Adicional;01/01/2015 00:00:00;31/12/2030 00:00:00;44;123456;02/02/2018;28/02/2019;2018-12-03 10:24:48.747729;O segurado tem o prazo maximo de horas para averbar de;72
ATM ADELINO;11200017;014192776000165;FSDF;TESTE;Multi Empresa;Adicional;01/01/2015 00:00:00;31/12/2030 00:00:00;54;1111;01/12/2018;31/07/2019;2018-12-10 08:59:35.000000;O segurado deve averbar antes do embarque;
ATM ADELINO;11200017;014192776000165;FSDF;TESTE;Multi Empresa;Adicional;01/01/2015 00:00:00;31/12/2030 00:00:00;55;1111;01/12/2018;31/07/2019;2018-12-10 09:00:17.000000;O segurado deve averbar antes do embarque;
ATM ADELINO;11200017;014192776000165;FSDF;TESTE;Multi Empresa;Adicional;01/01/2015 00:00:00;31/12/2030 00:00:00;56;4234;01/08/2017;03/08/2019;2018-06-20 16:18:52.535189;O segurado deve averbar antes do embarque;
ATM ADELINO;11200017;014192776000165;FSDF;TESTE;Multi Empresa;Adicional;01/01/2015 00:00:00;31/12/2030 00:00:00;95;123;04/08/2017;02/11/2019;2018-06-20 16:18:52.535189;O segurado pode averbar no dia do embarque (at? 23hs59);24
ATM ADELINO;11200017;014192776000165;FSDF;TESTE;Multi Empresa;Adicional;01/01/2015 00:00:00;31/12/2030 00:00:00;96;E;01/06/2019;10/11/2019;2018-06-20 16:18:52.535189;A cobertura inicia a partir da data de averbacao (Data de Embarque = Data de Averbacao);24
ATM ADELINO;11200017;018674313000190;SDFF FDSF;TESTE FSDF;Multi Empresa;Adicional;01/01/2015 00:00:00;31/12/2030 00:00:00;21;55343;17/10/2018;10/02/2019;2018-12-04 14:34:49.000000;A cobertura inicia a partir da data de averbacao (Data de Embarque = Data de Averbacao);24
ATM ADELINO;11200017;018674313000190;SDFF FDSF;TESTE FSDF;Multi Empresa;Adicional;01/01/2015 00:00:00;31/12/2030 00:00:00;27;123;06/02/2018;28/02/2020;2018-06-20 16:18:52.535189;O segurado deve averbar antes do embarque;
ATM ADELINO;11200017;018674313000190;SDFF FDSF;TESTE FSDF;Multi Empresa;Adicional;01/01/2015 00:00:00;31/12/2030 00:00:00;44;123456;02/02/2018;28/02/2019;2018-12-03 10:24:48.747729;O segurado tem o prazo maximo de horas para averbar de;72
ATM ADELINO;11200017;018674313000190;SDFF FDSF;TESTE FSDF;Multi Empresa;Adicional;01/01/2015 00:00:00;31/12/2030 00:00:00;54;1111;01/12/2018;31/07/2019;2018-12-10 08:59:35.000000;O segurado deve averbar antes do embarque;
ATM ADELINO;11200017;018674313000190;SDFF FDSF;TESTE FSDF;Multi Empresa;Adicional;01/01/2015 00:00:00;31/12/2030 00:00:00;55;1111;01/12/2018;31/07/2019;2018-12-10 09:00:17.000000;O segurado deve averbar antes do embarque;
ATM ADELINO;11200017;018674313000190;SDFF FDSF;TESTE FSDF;Multi Empresa;Adicional;01/01/2015 00:00:00;31/12/2030 00:00:00;56;4234;01/08/2017;03/08/2019;2018-06-20 16:18:52.535189;O segurado deve averbar antes do embarque;
ATM ADELINO;11200017;018674313000190;SDFF FDSF;TESTE FSDF;Multi Empresa;Adicional;01/01/2015 00:00:00;31/12/2030 00:00:00;95;123;04/08/2017;02/11/2019;2018-06-20 16:18:52.535189;O segurado pode averbar no dia do embarque (at? 23hs59);24
ATM ADELINO;11200017;018674313000190;SDFF FDSF;TESTE FSDF;Multi Empresa;Adicional;01/01/2015 00:00:00;31/12/2030 00:00:00;96;E;01/06/2019;10/11/2019;2018-06-20 16:18:52.535189;A cobertura inicia a partir da data de averbacao (Data de Embarque = Data de Averbacao);24
ATM ADELINO;11200017;025843552000192;TESTE FANTASIA;TESTE;Multi Empresa;Adicional;01/01/2015 00:00:00;31/12/2030 00:00:00;21;55343;17/10/2018;10/02/2019;2018-12-04 14:34:49.000000;A cobertura inicia a partir da data de averbacao (Data de Embarque = Data de Averbacao);24
ATM ADELINO;11200017;025843552000192;TESTE FANTASIA;TESTE;Multi Empresa;Adicional;01/01/2015 00:00:00;31/12/2030 00:00:00;27;123;06/02/2018;28/02/2020;2018-06-20 16:18:52.535189;O segurado deve averbar antes do embarque;
ATM ADELINO;11200017;025843552000192;TESTE FANTASIA;TESTE;Multi Empresa;Adicional;01/01/2015 00:00:00;31/12/2030 00:00:00;44;123456;02/02/2018;28/02/2019;2018-12-03 10:24:48.747729;O segurado tem o prazo maximo de horas para averbar de;72
ATM ADELINO;11200017;025843552000192;TESTE FANTASIA;TESTE;Multi Empresa;Adicional;01/01/2015 00:00:00;31/12/2030 00:00:00;54;1111;01/12/2018;31/07/2019;2018-12-10 08:59:35.000000;O segurado deve averbar antes do embarque;
ATM ADELINO;11200017;025843552000192;TESTE FANTASIA;TESTE;Multi Empresa;Adicional;01/01/2015 00:00:00;31/12/2030 00:00:00;55;1111;01/12/2018;31/07/2019;2018-12-10 09:00:17.000000;O segurado deve averbar antes do embarque;
ATM ADELINO;11200017;025843552000192;TESTE FANTASIA;TESTE;Multi Empresa;Adicional;01/01/2015 00:00:00;31/12/2030 00:00:00;56;4234;01/08/2017;03/08/2019;2018-06-20 16:18:52.535189;O segurado deve averbar antes do embarque;
ATM ADELINO;11200017;025843552000192;TESTE FANTASIA;TESTE;Multi Empresa;Adicional;01/01/2015 00:00:00;31/12/2030 00:00:00;95;123;04/08/2017;02/11/2019;2018-06-20 16:18:52.535189;O segurado pode averbar no dia do embarque (at? 23hs59);24
ATM ADELINO;11200017;025843552000192;TESTE FANTASIA;TESTE;Multi Empresa;Adicional;01/01/2015 00:00:00;31/12/2030 00:00:00;96;E;01/06/2019;10/11/2019;2018-06-20 16:18:52.535189;A cobertura inicia a partir da data de averbacao (Data de Embarque = Data de Averbacao);24
ATM ADELINO;11200017;027763894000209;TESTE ATM;TSTGE;Multi Empresa;Adicional;01/01/2015 00:00:00;31/12/2030 00:00:00;21;55343;17/10/2018;10/02/2019;2018-12-04 14:34:49.000000;A cobertura inicia a partir da data de averbacao (Data de Embarque = Data de Averbacao);24
ATM ADELINO;11200017;027763894000209;TESTE ATM;TSTGE;Multi Empresa;Adicional;01/01/2015 00:00:00;31/12/2030 00:00:00;27;123;06/02/2018;28/02/2020;2018-06-20 16:18:52.535189;O segurado deve averbar antes do embarque;
ATM ADELINO;11200017;027763894000209;TESTE ATM;TSTGE;Multi Empresa;Adicional;01/01/2015 00:00:00;31/12/2030 00:00:00;44;123456;02/02/2018;28/02/2019;2018-12-03 10:24:48.747729;O segurado tem o prazo maximo de horas para averbar de;72
ATM ADELINO;11200017;027763894000209;TESTE ATM;TSTGE;Multi Empresa;Adicional;01/01/2015 00:00:00;31/12/2030 00:00:00;54;1111;01/12/2018;31/07/2019;2018-12-10 08:59:35.000000;O segurado deve averbar antes do embarque;
ATM ADELINO;11200017;027763894000209;TESTE ATM;TSTGE;Multi Empresa;Adicional;01/01/2015 00:00:00;31/12/2030 00:00:00;55;1111;01/12/2018;31/07/2019;2018-12-10 09:00:17.000000;O segurado deve averbar antes do embarque;
ATM ADELINO;11200017;027763894000209;TESTE ATM;TSTGE;Multi Empresa;Adicional;01/01/2015 00:00:00;31/12/2030 00:00:00;56;4234;01/08/2017;03/08/2019;2018-06-20 16:18:52.535189;O segurado deve averbar antes do embarque;
ATM ADELINO;11200017;027763894000209;TESTE ATM;TSTGE;Multi Empresa;Adicional;01/01/2015 00:00:00;31/12/2030 00:00:00;95;123;04/08/2017;02/11/2019;2018-06-20 16:18:52.535189;O segurado pode averbar no dia do embarque (at? 23hs59);24
ATM ADELINO;11200017;027763894000209;TESTE ATM;TSTGE;Multi Empresa;Adicional;01/01/2015 00:00:00;31/12/2030 00:00:00;96;E;01/06/2019;10/11/2019;2018-06-20 16:18:52.535189;A cobertura inicia a partir da data de averbacao (Data de Embarque = Data de Averbacao);24
ATM ADELINO;11200017;028719835000115;Z;Z;Multi Empresa;Adicional;01/01/2015 00:00:00;31/12/2030 00:00:00;21;55343;17/10/2018;10/02/2019;2018-12-04 14:34:49.000000;A cobertura inicia a partir da data de averbacao (Data de Embarque = Data de Averbacao);24
ATM ADELINO;11200017;028719835000115;Z;Z;Multi Empresa;Adicional;01/01/2015 00:00:00;31/12/2030 00:00:00;27;123;06/02/2018;28/02/2020;2018-06-20 16:18:52.535189;O segurado deve averbar antes do embarque;
ATM ADELINO;11200017;028719835000115;Z;Z;Multi Empresa;Adicional;01/01/2015 00:00:00;31/12/2030 00:00:00;44;123456;02/02/2018;28/02/2019;2018-12-03 10:24:48.747729;O segurado tem o prazo maximo de horas para averbar de;72
ATM ADELINO;11200017;028719835000115;Z;Z;Multi Empresa;Adicional;01/01/2015 00:00:00;31/12/2030 00:00:00;54;1111;01/12/2018;31/07/2019;2018-12-10 08:59:35.000000;O segurado deve averbar antes do embarque;
ATM ADELINO;11200017;028719835000115;Z;Z;Multi Empresa;Adicional;01/01/2015 00:00:00;31/12/2030 00:00:00;55;1111;01/12/2018;31/07/2019;2018-12-10 09:00:17.000000;O segurado deve averbar antes do embarque;
ATM ADELINO;11200017;028719835000115;Z;Z;Multi Empresa;Adicional;01/01/2015 00:00:00;31/12/2030 00:00:00;56;4234;01/08/2017;03/08/2019;2018-06-20 16:18:52.535189;O segurado deve averbar antes do embarque;
ATM ADELINO;11200017;028719835000115;Z;Z;Multi Empresa;Adicional;01/01/2015 00:00:00;31/12/2030 00:00:00;95;123;04/08/2017;02/11/2019;2018-06-20 16:18:52.535189;O segurado pode averbar no dia do embarque (at? 23hs59);24
ATM ADELINO;11200017;028719835000115;Z;Z;Multi Empresa;Adicional;01/01/2015 00:00:00;31/12/2030 00:00:00;96;E;01/06/2019;10/11/2019;2018-06-20 16:18:52.535189;A cobertura inicia a partir da data de averbacao (Data de Embarque = Data de Averbacao);24
ATM ADELINO;11200017;041378506000116;ALISSON TESTE;ALISSON ADICIONAL;Multi Empresa;Adicional;01/01/2015 00:00:00;31/12/2030 00:00:00;21;55343;17/10/2018;10/02/2019;2018-12-04 14:34:49.000000;A cobertura inicia a partir da data de averbacao (Data de Embarque = Data de Averbacao);24
ATM ADELINO;11200017;041378506000116;ALISSON TESTE;ALISSON ADICIONAL;Multi Empresa;Adicional;01/01/2015 00:00:00;31/12/2030 00:00:00;27;123;06/02/2018;28/02/2020;2018-06-20 16:18:52.535189;O segurado deve averbar antes do embarque;
ATM ADELINO;11200017;041378506000116;ALISSON TESTE;ALISSON ADICIONAL;Multi Empresa;Adicional;01/01/2015 00:00:00;31/12/2030 00:00:00;44;123456;02/02/2018;28/02/2019;2018-12-03 10:24:48.747729;O segurado tem o prazo maximo de horas para averbar de;72
ATM ADELINO;11200017;041378506000116;ALISSON TESTE;ALISSON ADICIONAL;Multi Empresa;Adicional;01/01/2015 00:00:00;31/12/2030 00:00:00;54;1111;01/12/2018;31/07/2019;2018-12-10 08:59:35.000000;O segurado deve averbar antes do embarque;
ATM ADELINO;11200017;041378506000116;ALISSON TESTE;ALISSON ADICIONAL;Multi Empresa;Adicional;01/01/2015 00:00:00;31/12/2030 00:00:00;55;1111;01/12/2018;31/07/2019;2018-12-10 09:00:17.000000;O segurado deve averbar antes do embarque;
ATM ADELINO;11200017;041378506000116;ALISSON TESTE;ALISSON ADICIONAL;Multi Empresa;Adicional;01/01/2015 00:00:00;31/12/2030 00:00:00;56;4234;01/08/2017;03/08/2019;2018-06-20 16:18:52.535189;O segurado deve averbar antes do embarque;
ATM ADELINO;11200017;041378506000116;ALISSON TESTE;ALISSON ADICIONAL;Multi Empresa;Adicional;01/01/2015 00:00:00;31/12/2030 00:00:00;95;123;04/08/2017;02/11/2019;2018-06-20 16:18:52.535189;O segurado pode averbar no dia do embarque (at? 23hs59);24
ATM ADELINO;11200017;041378506000116;ALISSON TESTE;ALISSON ADICIONAL;Multi Empresa;Adicional;01/01/2015 00:00:00;31/12/2030 00:00:00;96;E;01/06/2019;10/11/2019;2018-06-20 16:18:52.535189;A cobertura inicia a partir da data de averbacao (Data de Embarque = Data de Averbacao);24
ATM ADELINO;11200017;041838126000117;EITAA;ADICIONAL SALVO;Multi Empresa;Adicional;01/01/2015 00:00:00;31/12/2030 00:00:00;21;55343;17/10/2018;10/02/2019;2018-12-04 14:34:49.000000;A cobertura inicia a partir da data de averbacao (Data de Embarque = Data de Averbacao);24
ATM ADELINO;11200017;041838126000117;EITAA;ADICIONAL SALVO;Multi Empresa;Adicional;01/01/2015 00:00:00;31/12/2030 00:00:00;27;123;06/02/2018;28/02/2020;2018-06-20 16:18:52.535189;O segurado deve averbar antes do embarque;
ATM ADELINO;11200017;041838126000117;EITAA;ADICIONAL SALVO;Multi Empresa;Adicional;01/01/2015 00:00:00;31/12/2030 00:00:00;44;123456;02/02/2018;28/02/2019;2018-12-03 10:24:48.747729;O segurado tem o prazo maximo de horas para averbar de;72
ATM ADELINO;11200017;041838126000117;EITAA;ADICIONAL SALVO;Multi Empresa;Adicional;01/01/2015 00:00:00;31/12/2030 00:00:00;54;1111;01/12/2018;31/07/2019;2018-12-10 08:59:35.000000;O segurado deve averbar antes do embarque;
ATM ADELINO;11200017;041838126000117;EITAA;ADICIONAL SALVO;Multi Empresa;Adicional;01/01/2015 00:00:00;31/12/2030 00:00:00;55;1111;01/12/2018;31/07/2019;2018-12-10 09:00:17.000000;O segurado deve averbar antes do embarque;
ATM ADELINO;11200017;041838126000117;EITAA;ADICIONAL SALVO;Multi Empresa;Adicional;01/01/2015 00:00:00;31/12/2030 00:00:00;56;4234;01/08/2017;03/08/2019;2018-06-20 16:18:52.535189;O segurado deve averbar antes do embarque;
ATM ADELINO;11200017;041838126000117;EITAA;ADICIONAL SALVO;Multi Empresa;Adicional;01/01/2015 00:00:00;31/12/2030 00:00:00;95;123;04/08/2017;02/11/2019;2018-06-20 16:18:52.535189;O segurado pode averbar no dia do embarque (at? 23hs59);24
ATM ADELINO;11200017;041838126000117;EITAA;ADICIONAL SALVO;Multi Empresa;Adicional;01/01/2015 00:00:00;31/12/2030 00:00:00;96;E;01/06/2019;10/11/2019;2018-06-20 16:18:52.535189;A cobertura inicia a partir da data de averbacao (Data de Embarque = Data de Averbacao);24
ATM ADELINO;11200017;042112977000140;QQQ;Q;Multi Empresa;Adicional;01/01/2015 00:00:00;31/12/2030 00:00:00;21;55343;17/10/2018;10/02/2019;2018-12-04 14:34:49.000000;A cobertura inicia a partir da data de averbacao (Data de Embarque = Data de Averbacao);24
ATM ADELINO;11200017;042112977000140;QQQ;Q;Multi Empresa;Adicional;01/01/2015 00:00:00;31/12/2030 00:00:00;27;123;06/02/2018;28/02/2020;2018-06-20 16:18:52.535189;O segurado deve averbar antes do embarque;
ATM ADELINO;11200017;042112977000140;QQQ;Q;Multi Empresa;Adicional;01/01/2015 00:00:00;31/12/2030 00:00:00;44;123456;02/02/2018;28/02/2019;2018-12-03 10:24:48.747729;O segurado tem o prazo maximo de horas para averbar de;72
ATM ADELINO;11200017;042112977000140;QQQ;Q;Multi Empresa;Adicional;01/01/2015 00:00:00;31/12/2030 00:00:00;54;1111;01/12/2018;31/07/2019;2018-12-10 08:59:35.000000;O segurado deve averbar antes do embarque;
ATM ADELINO;11200017;042112977000140;QQQ;Q;Multi Empresa;Adicional;01/01/2015 00:00:00;31/12/2030 00:00:00;55;1111;01/12/2018;31/07/2019;2018-12-10 09:00:17.000000;O segurado deve averbar antes do embarque;
ATM ADELINO;11200017;042112977000140;QQQ;Q;Multi Empresa;Adicional;01/01/2015 00:00:00;31/12/2030 00:00:00;56;4234;01/08/2017;03/08/2019;2018-06-20 16:18:52.535189;O segurado deve averbar antes do embarque;
ATM ADELINO;11200017;042112977000140;QQQ;Q;Multi Empresa;Adicional;01/01/2015 00:00:00;31/12/2030 00:00:00;95;123;04/08/2017;02/11/2019;2018-06-20 16:18:52.535189;O segurado pode averbar no dia do embarque (at? 23hs59);24
ATM ADELINO;11200017;042112977000140;QQQ;Q;Multi Empresa;Adicional;01/01/2015 00:00:00;31/12/2030 00:00:00;96;E;01/06/2019;10/11/2019;2018-06-20 16:18:52.535189;A cobertura inicia a partir da data de averbacao (Data de Embarque = Data de Averbacao);24
ATM ADELINO;11200017;045337395000150;TESTE WESLLEY;TESTE WESLLEY;Multi Empresa;Adicional;01/01/2015 00:00:00;31/12/2030 00:00:00;21;55343;17/10/2018;10/02/2019;2018-12-04 14:34:49.000000;A cobertura inicia a partir da data de averbacao (Data de Embarque = Data de Averbacao);24
ATM ADELINO;11200017;045337395000150;TESTE WESLLEY;TESTE WESLLEY;Multi Empresa;Adicional;01/01/2015 00:00:00;31/12/2030 00:00:00;27;123;06/02/2018;28/02/2020;2018-06-20 16:18:52.535189;O segurado deve averbar antes do embarque;
ATM ADELINO;11200017;045337395000150;TESTE WESLLEY;TESTE WESLLEY;Multi Empresa;Adicional;01/01/2015 00:00:00;31/12/2030 00:00:00;44;123456;02/02/2018;28/02/2019;2018-12-03 10:24:48.747729;O segurado tem o prazo maximo de horas para averbar de;72
ATM ADELINO;11200017;045337395000150;TESTE WESLLEY;TESTE WESLLEY;Multi Empresa;Adicional;01/01/2015 00:00:00;31/12/2030 00:00:00;54;1111;01/12/2018;31/07/2019;2018-12-10 08:59:35.000000;O segurado deve averbar antes do embarque;
ATM ADELINO;11200017;045337395000150;TESTE WESLLEY;TESTE WESLLEY;Multi Empresa;Adicional;01/01/2015 00:00:00;31/12/2030 00:00:00;55;1111;01/12/2018;31/07/2019;2018-12-10 09:00:17.000000;O segurado deve averbar antes do embarque;
ATM ADELINO;11200017;045337395000150;TESTE WESLLEY;TESTE WESLLEY;Multi Empresa;Adicional;01/01/2015 00:00:00;31/12/2030 00:00:00;56;4234;01/08/2017;03/08/2019;2018-06-20 16:18:52.535189;O segurado deve averbar antes do embarque;
ATM ADELINO;11200017;045337395000150;TESTE WESLLEY;TESTE WESLLEY;Multi Empresa;Adicional;01/01/2015 00:00:00;31/12/2030 00:00:00;95;123;04/08/2017;02/11/2019;2018-06-20 16:18:52.535189;O segurado pode averbar no dia do embarque (at? 23hs59);24
ATM ADELINO;11200017;045337395000150;TESTE WESLLEY;TESTE WESLLEY;Multi Empresa;Adicional;01/01/2015 00:00:00;31/12/2030 00:00:00;96;E;01/06/2019;10/11/2019;2018-06-20 16:18:52.535189;A cobertura inicia a partir da data de averbacao (Data de Embarque = Data de Averbacao);24
ATM ADELINO;11200017;048626888000107;T;TESTE;Multi Empresa;Adicional;01/01/2015 00:00:00;31/12/2030 00:00:00;21;55343;17/10/2018;10/02/2019;2018-12-04 14:34:49.000000;A cobertura inicia a partir da data de averbacao (Data de Embarque = Data de Averbacao);24
ATM ADELINO;11200017;048626888000107;T;TESTE;Multi Empresa;Adicional;01/01/2015 00:00:00;31/12/2030 00:00:00;27;123;06/02/2018;28/02/2020;2018-06-20 16:18:52.535189;O segurado deve averbar antes do embarque;
ATM ADELINO;11200017;048626888000107;T;TESTE;Multi Empresa;Adicional;01/01/2015 00:00:00;31/12/2030 00:00:00;44;123456;02/02/2018;28/02/2019;2018-12-03 10:24:48.747729;O segurado tem o prazo maximo de horas para averbar de;72
ATM ADELINO;11200017;048626888000107;T;TESTE;Multi Empresa;Adicional;01/01/2015 00:00:00;31/12/2030 00:00:00;54;1111;01/12/2018;31/07/2019;2018-12-10 08:59:35.000000;O segurado deve averbar antes do embarque;
ATM ADELINO;11200017;048626888000107;T;TESTE;Multi Empresa;Adicional;01/01/2015 00:00:00;31/12/2030 00:00:00;55;1111;01/12/2018;31/07/2019;2018-12-10 09:00:17.000000;O segurado deve averbar antes do embarque;
ATM ADELINO;11200017;048626888000107;T;TESTE;Multi Empresa;Adicional;01/01/2015 00:00:00;31/12/2030 00:00:00;56;4234;01/08/2017;03/08/2019;2018-06-20 16:18:52.535189;O segurado deve averbar antes do embarque;
ATM ADELINO;11200017;048626888000107;T;TESTE;Multi Empresa;Adicional;01/01/2015 00:00:00;31/12/2030 00:00:00;95;123;04/08/2017;02/11/2019;2018-06-20 16:18:52.535189;O segurado pode averbar no dia do embarque (at? 23hs59);24
ATM ADELINO;11200017;048626888000107;T;TESTE;Multi Empresa;Adicional;01/01/2015 00:00:00;31/12/2030 00:00:00;96;E;01/06/2019;10/11/2019;2018-06-20 16:18:52.535189;A cobertura inicia a partir da data de averbacao (Data de Embarque = Data de Averbacao);24
ATM ADELINO;11200017;058484774000115;BABI;BABI;Multi Empresa;Adicional;01/01/2015 00:00:00;31/12/2030 00:00:00;21;55343;17/10/2018;10/02/2019;2018-12-04 14:34:49.000000;A cobertura inicia a partir da data de averbacao (Data de Embarque = Data de Averbacao);24
ATM ADELINO;11200017;058484774000115;BABI;BABI;Multi Empresa;Adicional;01/01/2015 00:00:00;31/12/2030 00:00:00;27;123;06/02/2018;28/02/2020;2018-06-20 16:18:52.535189;O segurado deve averbar antes do embarque;
ATM ADELINO;11200017;058484774000115;BABI;BABI;Multi Empresa;Adicional;01/01/2015 00:00:00;31/12/2030 00:00:00;44;123456;02/02/2018;28/02/2019;2018-12-03 10:24:48.747729;O segurado tem o prazo maximo de horas para averbar de;72
ATM ADELINO;11200017;058484774000115;BABI;BABI;Multi Empresa;Adicional;01/01/2015 00:00:00;31/12/2030 00:00:00;54;1111;01/12/2018;31/07/2019;2018-12-10 08:59:35.000000;O segurado deve averbar antes do embarque;
ATM ADELINO;11200017;058484774000115;BABI;BABI;Multi Empresa;Adicional;01/01/2015 00:00:00;31/12/2030 00:00:00;55;1111;01/12/2018;31/07/2019;2018-12-10 09:00:17.000000;O segurado deve averbar antes do embarque;
ATM ADELINO;11200017;058484774000115;BABI;BABI;Multi Empresa;Adicional;01/01/2015 00:00:00;31/12/2030 00:00:00;56;4234;01/08/2017;03/08/2019;2018-06-20 16:18:52.535189;O segurado deve averbar antes do embarque;
ATM ADELINO;11200017;058484774000115;BABI;BABI;Multi Empresa;Adicional;01/01/2015 00:00:00;31/12/2030 00:00:00;95;123;04/08/2017;02/11/2019;2018-06-20 16:18:52.535189;O segurado pode averbar no dia do embarque (at? 23hs59);24
ATM ADELINO;11200017;058484774000115;BABI;BABI;Multi Empresa;Adicional;01/01/2015 00:00:00;31/12/2030 00:00:00;96;E;01/06/2019;10/11/2019;2018-06-20 16:18:52.535189;A cobertura inicia a partir da data de averbacao (Data de Embarque = Data de Averbacao);24
ATM ADELINO;11200017;063847957000198;ZZ;ZZ;Multi Empresa;Adicional;01/01/2015 00:00:00;31/12/2030 00:00:00;21;55343;17/10/2018;10/02/2019;2018-12-04 14:34:49.000000;A cobertura inicia a partir da data de averbacao (Data de Embarque = Data de Averbacao);24
ATM ADELINO;11200017;063847957000198;ZZ;ZZ;Multi Empresa;Adicional;01/01/2015 00:00:00;31/12/2030 00:00:00;27;123;06/02/2018;28/02/2020;2018-06-20 16:18:52.535189;O segurado deve averbar antes do embarque;
ATM ADELINO;11200017;063847957000198;ZZ;ZZ;Multi Empresa;Adicional;01/01/2015 00:00:00;31/12/2030 00:00:00;44;123456;02/02/2018;28/02/2019;2018-12-03 10:24:48.747729;O segurado tem o prazo maximo de horas para averbar de;72
ATM ADELINO;11200017;063847957000198;ZZ;ZZ;Multi Empresa;Adicional;01/01/2015 00:00:00;31/12/2030 00:00:00;54;1111;01/12/2018;31/07/2019;2018-12-10 08:59:35.000000;O segurado deve averbar antes do embarque;
ATM ADELINO;11200017;063847957000198;ZZ;ZZ;Multi Empresa;Adicional;01/01/2015 00:00:00;31/12/2030 00:00:00;55;1111;01/12/2018;31/07/2019;2018-12-10 09:00:17.000000;O segurado deve averbar antes do embarque;
ATM ADELINO;11200017;063847957000198;ZZ;ZZ;Multi Empresa;Adicional;01/01/2015 00:00:00;31/12/2030 00:00:00;56;4234;01/08/2017;03/08/2019;2018-06-20 16:18:52.535189;O segurado deve averbar antes do embarque;
ATM ADELINO;11200017;063847957000198;ZZ;ZZ;Multi Empresa;Adicional;01/01/2015 00:00:00;31/12/2030 00:00:00;95;123;04/08/2017;02/11/2019;2018-06-20 16:18:52.535189;O segurado pode averbar no dia do embarque (at? 23hs59);24
ATM ADELINO;11200017;063847957000198;ZZ;ZZ;Multi Empresa;Adicional;01/01/2015 00:00:00;31/12/2030 00:00:00;96;E;01/06/2019;10/11/2019;2018-06-20 16:18:52.535189;A cobertura inicia a partir da data de averbacao (Data de Embarque = Data de Averbacao);24
ATM ADELINO;11200017;064851326000105;TESTERR;TESTERR;Multi Empresa;Adicional;01/01/2015 00:00:00;31/12/2030 00:00:00;21;55343;17/10/2018;10/02/2019;2018-12-04 14:34:49.000000;A cobertura inicia a partir da data de averbacao (Data de Embarque = Data de Averbacao);24
ATM ADELINO;11200017;064851326000105;TESTERR;TESTERR;Multi Empresa;Adicional;01/01/2015 00:00:00;31/12/2030 00:00:00;27;123;06/02/2018;28/02/2020;2018-06-20 16:18:52.535189;O segurado deve averbar antes do embarque;
ATM ADELINO;11200017;064851326000105;TESTERR;TESTERR;Multi Empresa;Adicional;01/01/2015 00:00:00;31/12/2030 00:00:00;44;123456;02/02/2018;28/02/2019;2018-12-03 10:24:48.747729;O segurado tem o prazo maximo de horas para averbar de;72
ATM ADELINO;11200017;064851326000105;TESTERR;TESTERR;Multi Empresa;Adicional;01/01/2015 00:00:00;31/12/2030 00:00:00;54;1111;01/12/2018;31/07/2019;2018-12-10 08:59:35.000000;O segurado deve averbar antes do embarque;
ATM ADELINO;11200017;064851326000105;TESTERR;TESTERR;Multi Empresa;Adicional;01/01/2015 00:00:00;31/12/2030 00:00:00;55;1111;01/12/2018;31/07/2019;2018-12-10 09:00:17.000000;O segurado deve averbar antes do embarque;
ATM ADELINO;11200017;064851326000105;TESTERR;TESTERR;Multi Empresa;Adicional;01/01/2015 00:00:00;31/12/2030 00:00:00;56;4234;01/08/2017;03/08/2019;2018-06-20 16:18:52.535189;O segurado deve averbar antes do embarque;
ATM ADELINO;11200017;064851326000105;TESTERR;TESTERR;Multi Empresa;Adicional;01/01/2015 00:00:00;31/12/2030 00:00:00;95;123;04/08/2017;02/11/2019;2018-06-20 16:18:52.535189;O segurado pode averbar no dia do embarque (at? 23hs59);24
ATM ADELINO;11200017;064851326000105;TESTERR;TESTERR;Multi Empresa;Adicional;01/01/2015 00:00:00;31/12/2030 00:00:00;96;E;01/06/2019;10/11/2019;2018-06-20 16:18:52.535189;A cobertura inicia a partir da data de averbacao (Data de Embarque = Data de Averbacao);24
ATM ADELINO;11200017;066622635000139;FDSF;FDSF;Multi Empresa;Adicional;01/01/2015 00:00:00;31/12/2030 00:00:00;21;55343;17/10/2018;10/02/2019;2018-12-04 14:34:49.000000;A cobertura inicia a partir da data de averbacao (Data de Embarque = Data de Averbacao);24
ATM ADELINO;11200017;066622635000139;FDSF;FDSF;Multi Empresa;Adicional;01/01/2015 00:00:00;31/12/2030 00:00:00;27;123;06/02/2018;28/02/2020;2018-06-20 16:18:52.535189;O segurado deve averbar antes do embarque;
ATM ADELINO;11200017;066622635000139;FDSF;FDSF;Multi Empresa;Adicional;01/01/2015 00:00:00;31/12/2030 00:00:00;44;123456;02/02/2018;28/02/2019;2018-12-03 10:24:48.747729;O segurado tem o prazo maximo de horas para averbar de;72
ATM ADELINO;11200017;066622635000139;FDSF;FDSF;Multi Empresa;Adicional;01/01/2015 00:00:00;31/12/2030 00:00:00;54;1111;01/12/2018;31/07/2019;2018-12-10 08:59:35.000000;O segurado deve averbar antes do embarque;
ATM ADELINO;11200017;066622635000139;FDSF;FDSF;Multi Empresa;Adicional;01/01/2015 00:00:00;31/12/2030 00:00:00;55;1111;01/12/2018;31/07/2019;2018-12-10 09:00:17.000000;O segurado deve averbar antes do embarque;
ATM ADELINO;11200017;066622635000139;FDSF;FDSF;Multi Empresa;Adicional;01/01/2015 00:00:00;31/12/2030 00:00:00;56;4234;01/08/2017;03/08/2019;2018-06-20 16:18:52.535189;O segurado deve averbar antes do embarque;
ATM ADELINO;11200017;066622635000139;FDSF;FDSF;Multi Empresa;Adicional;01/01/2015 00:00:00;31/12/2030 00:00:00;95;123;04/08/2017;02/11/2019;2018-06-20 16:18:52.535189;O segurado pode averbar no dia do embarque (at? 23hs59);24
ATM ADELINO;11200017;066622635000139;FDSF;FDSF;Multi Empresa;Adicional;01/01/2015 00:00:00;31/12/2030 00:00:00;96;E;01/06/2019;10/11/2019;2018-06-20 16:18:52.535189;A cobertura inicia a partir da data de averbacao (Data de Embarque = Data de Averbacao);24
ATM ADELINO;11200017;067647176000100;TWSTE NOVO;NOVO;Multi Empresa;Adicional;01/01/2015 00:00:00;31/12/2030 00:00:00;21;55343;17/10/2018;10/02/2019;2018-12-04 14:34:49.000000;A cobertura inicia a partir da data de averbacao (Data de Embarque = Data de Averbacao);24
ATM ADELINO;11200017;067647176000100;TWSTE NOVO;NOVO;Multi Empresa;Adicional;01/01/2015 00:00:00;31/12/2030 00:00:00;27;123;06/02/2018;28/02/2020;2018-06-20 16:18:52.535189;O segurado deve averbar antes do embarque;
ATM ADELINO;11200017;067647176000100;TWSTE NOVO;NOVO;Multi Empresa;Adicional;01/01/2015 00:00:00;31/12/2030 00:00:00;44;123456;02/02/2018;28/02/2019;2018-12-03 10:24:48.747729;O segurado tem o prazo maximo de horas para averbar de;72
ATM ADELINO;11200017;067647176000100;TWSTE NOVO;NOVO;Multi Empresa;Adicional;01/01/2015 00:00:00;31/12/2030 00:00:00;54;1111;01/12/2018;31/07/2019;2018-12-10 08:59:35.000000;O segurado deve averbar antes do embarque;
ATM ADELINO;11200017;067647176000100;TWSTE NOVO;NOVO;Multi Empresa;Adicional;01/01/2015 00:00:00;31/12/2030 00:00:00;55;1111;01/12/2018;31/07/2019;2018-12-10 09:00:17.000000;O segurado deve averbar antes do embarque;
ATM ADELINO;11200017;067647176000100;TWSTE NOVO;NOVO;Multi Empresa;Adicional;01/01/2015 00:00:00;31/12/2030 00:00:00;56;4234;01/08/2017;03/08/2019;2018-06-20 16:18:52.535189;O segurado deve averbar antes do embarque;
ATM ADELINO;11200017;067647176000100;TWSTE NOVO;NOVO;Multi Empresa;Adicional;01/01/2015 00:00:00;31/12/2030 00:00:00;95;123;04/08/2017;02/11/2019;2018-06-20 16:18:52.535189;O segurado pode averbar no dia do embarque (at? 23hs59);24
ATM ADELINO;11200017;067647176000100;TWSTE NOVO;NOVO;Multi Empresa;Adicional;01/01/2015 00:00:00;31/12/2030 00:00:00;96;E;01/06/2019;10/11/2019;2018-06-20 16:18:52.535189;A cobertura inicia a partir da data de averbacao (Data de Embarque = Data de Averbacao);24
ATM ADELINO;11200017;069809654000167;TESTE FANTASIA;TESTE;Multi Empresa;Adicional;01/01/2015 00:00:00;31/12/2030 00:00:00;21;55343;17/10/2018;10/02/2019;2018-12-04 14:34:49.000000;A cobertura inicia a partir da data de averbacao (Data de Embarque = Data de Averbacao);24
ATM ADELINO;11200017;069809654000167;TESTE FANTASIA;TESTE;Multi Empresa;Adicional;01/01/2015 00:00:00;31/12/2030 00:00:00;27;123;06/02/2018;28/02/2020;2018-06-20 16:18:52.535189;O segurado deve averbar antes do embarque;
ATM ADELINO;11200017;069809654000167;TESTE FANTASIA;TESTE;Multi Empresa;Adicional;01/01/2015 00:00:00;31/12/2030 00:00:00;44;123456;02/02/2018;28/02/2019;2018-12-03 10:24:48.747729;O segurado tem o prazo maximo de horas para averbar de;72
ATM ADELINO;11200017;069809654000167;TESTE FANTASIA;TESTE;Multi Empresa;Adicional;01/01/2015 00:00:00;31/12/2030 00:00:00;54;1111;01/12/2018;31/07/2019;2018-12-10 08:59:35.000000;O segurado deve averbar antes do embarque;
ATM ADELINO;11200017;069809654000167;TESTE FANTASIA;TESTE;Multi Empresa;Adicional;01/01/2015 00:00:00;31/12/2030 00:00:00;55;1111;01/12/2018;31/07/2019;2018-12-10 09:00:17.000000;O segurado deve averbar antes do embarque;
ATM ADELINO;11200017;069809654000167;TESTE FANTASIA;TESTE;Multi Empresa;Adicional;01/01/2015 00:00:00;31/12/2030 00:00:00;56;4234;01/08/2017;03/08/2019;2018-06-20 16:18:52.535189;O segurado deve averbar antes do embarque;
ATM ADELINO;11200017;069809654000167;TESTE FANTASIA;TESTE;Multi Empresa;Adicional;01/01/2015 00:00:00;31/12/2030 00:00:00;95;123;04/08/2017;02/11/2019;2018-06-20 16:18:52.535189;O segurado pode averbar no dia do embarque (at? 23hs59);24
ATM ADELINO;11200017;069809654000167;TESTE FANTASIA;TESTE;Multi Empresa;Adicional;01/01/2015 00:00:00;31/12/2030 00:00:00;96;E;01/06/2019;10/11/2019;2018-06-20 16:18:52.535189;A cobertura inicia a partir da data de averbacao (Data de Embarque = Data de Averbacao);24
ATM ADELINO;11200017;074578483000142;74578483000142;74578483000142;Multi Empresa;Adicional;01/01/2015 00:00:00;31/12/2030 00:00:00;21;55343;17/10/2018;10/02/2019;2018-12-04 14:34:49.000000;A cobertura inicia a partir da data de averbacao (Data de Embarque = Data de Averbacao);24
ATM ADELINO;11200017;074578483000142;74578483000142;74578483000142;Multi Empresa;Adicional;01/01/2015 00:00:00;31/12/2030 00:00:00;27;123;06/02/2018;28/02/2020;2018-06-20 16:18:52.535189;O segurado deve averbar antes do embarque;
ATM ADELINO;11200017;074578483000142;74578483000142;74578483000142;Multi Empresa;Adicional;01/01/2015 00:00:00;31/12/2030 00:00:00;44;123456;02/02/2018;28/02/2019;2018-12-03 10:24:48.747729;O segurado tem o prazo maximo de horas para averbar de;72
ATM ADELINO;11200017;074578483000142;74578483000142;74578483000142;Multi Empresa;Adicional;01/01/2015 00:00:00;31/12/2030 00:00:00;54;1111;01/12/2018;31/07/2019;2018-12-10 08:59:35.000000;O segurado deve averbar antes do embarque;
ATM ADELINO;11200017;074578483000142;74578483000142;74578483000142;Multi Empresa;Adicional;01/01/2015 00:00:00;31/12/2030 00:00:00;55;1111;01/12/2018;31/07/2019;2018-12-10 09:00:17.000000;O segurado deve averbar antes do embarque;
ATM ADELINO;11200017;074578483000142;74578483000142;74578483000142;Multi Empresa;Adicional;01/01/2015 00:00:00;31/12/2030 00:00:00;56;4234;01/08/2017;03/08/2019;2018-06-20 16:18:52.535189;O segurado deve averbar antes do embarque;
ATM ADELINO;11200017;074578483000142;74578483000142;74578483000142;Multi Empresa;Adicional;01/01/2015 00:00:00;31/12/2030 00:00:00;95;123;04/08/2017;02/11/2019;2018-06-20 16:18:52.535189;O segurado pode averbar no dia do embarque (at? 23hs59);24
ATM ADELINO;11200017;074578483000142;74578483000142;74578483000142;Multi Empresa;Adicional;01/01/2015 00:00:00;31/12/2030 00:00:00;96;E;01/06/2019;10/11/2019;2018-06-20 16:18:52.535189;A cobertura inicia a partir da data de averbacao (Data de Embarque = Data de Averbacao);24
ATM ADELINO;11200017;086317661000160;JU ME;TESTE JU ME;Multi Empresa;Adicional;01/01/2015 00:00:00;31/12/2030 00:00:00;21;55343;17/10/2018;10/02/2019;2018-12-04 14:34:49.000000;A cobertura inicia a partir da data de averbacao (Data de Embarque = Data de Averbacao);24
ATM ADELINO;11200017;086317661000160;JU ME;TESTE JU ME;Multi Empresa;Adicional;01/01/2015 00:00:00;31/12/2030 00:00:00;27;123;06/02/2018;28/02/2020;2018-06-20 16:18:52.535189;O segurado deve averbar antes do embarque;
ATM ADELINO;11200017;086317661000160;JU ME;TESTE JU ME;Multi Empresa;Adicional;01/01/2015 00:00:00;31/12/2030 00:00:00;44;123456;02/02/2018;28/02/2019;2018-12-03 10:24:48.747729;O segurado tem o prazo maximo de horas para averbar de;72
ATM ADELINO;11200017;086317661000160;JU ME;TESTE JU ME;Multi Empresa;Adicional;01/01/2015 00:00:00;31/12/2030 00:00:00;54;1111;01/12/2018;31/07/2019;2018-12-10 08:59:35.000000;O segurado deve averbar antes do embarque;
ATM ADELINO;11200017;086317661000160;JU ME;TESTE JU ME;Multi Empresa;Adicional;01/01/2015 00:00:00;31/12/2030 00:00:00;55;1111;01/12/2018;31/07/2019;2018-12-10 09:00:17.000000;O segurado deve averbar antes do embarque;
ATM ADELINO;11200017;086317661000160;JU ME;TESTE JU ME;Multi Empresa;Adicional;01/01/2015 00:00:00;31/12/2030 00:00:00;56;4234;01/08/2017;03/08/2019;2018-06-20 16:18:52.535189;O segurado deve averbar antes do embarque;
ATM ADELINO;11200017;086317661000160;JU ME;TESTE JU ME;Multi Empresa;Adicional;01/01/2015 00:00:00;31/12/2030 00:00:00;95;123;04/08/2017;02/11/2019;2018-06-20 16:18:52.535189;O segurado pode averbar no dia do embarque (at? 23hs59);24
ATM ADELINO;11200017;086317661000160;JU ME;TESTE JU ME;Multi Empresa;Adicional;01/01/2015 00:00:00;31/12/2030 00:00:00;96;E;01/06/2019;10/11/2019;2018-06-20 16:18:52.535189;A cobertura inicia a partir da data de averbacao (Data de Embarque = Data de Averbacao);24
ATM ADELINO;11200017;088728027000146;TESTE4;TESTE4;Multi Empresa;Adicional;01/01/2015 00:00:00;31/12/2030 00:00:00;21;55343;17/10/2018;10/02/2019;2018-12-04 14:34:49.000000;A cobertura inicia a partir da data de averbacao (Data de Embarque = Data de Averbacao);24
ATM ADELINO;11200017;088728027000146;TESTE4;TESTE4;Multi Empresa;Adicional;01/01/2015 00:00:00;31/12/2030 00:00:00;27;123;06/02/2018;28/02/2020;2018-06-20 16:18:52.535189;O segurado deve averbar antes do embarque;
ATM ADELINO;11200017;088728027000146;TESTE4;TESTE4;Multi Empresa;Adicional;01/01/2015 00:00:00;31/12/2030 00:00:00;44;123456;02/02/2018;28/02/2019;2018-12-03 10:24:48.747729;O segurado tem o prazo maximo de horas para averbar de;72
ATM ADELINO;11200017;088728027000146;TESTE4;TESTE4;Multi Empresa;Adicional;01/01/2015 00:00:00;31/12/2030 00:00:00;54;1111;01/12/2018;31/07/2019;2018-12-10 08:59:35.000000;O segurado deve averbar antes do embarque;
ATM ADELINO;11200017;088728027000146;TESTE4;TESTE4;Multi Empresa;Adicional;01/01/2015 00:00:00;31/12/2030 00:00:00;55;1111;01/12/2018;31/07/2019;2018-12-10 09:00:17.000000;O segurado deve averbar antes do embarque;
ATM ADELINO;11200017;088728027000146;TESTE4;TESTE4;Multi Empresa;Adicional;01/01/2015 00:00:00;31/12/2030 00:00:00;56;4234;01/08/2017;03/08/2019;2018-06-20 16:18:52.535189;O segurado deve averbar antes do embarque;
ATM ADELINO;11200017;088728027000146;TESTE4;TESTE4;Multi Empresa;Adicional;01/01/2015 00:00:00;31/12/2030 00:00:00;95;123;04/08/2017;02/11/2019;2018-06-20 16:18:52.535189;O segurado pode averbar no dia do embarque (at? 23hs59);24
ATM ADELINO;11200017;088728027000146;TESTE4;TESTE4;Multi Empresa;Adicional;01/01/2015 00:00:00;31/12/2030 00:00:00;96;E;01/06/2019;10/11/2019;2018-06-20 16:18:52.535189;A cobertura inicia a partir da data de averbacao (Data de Embarque = Data de Averbacao);24
ATM ADELINO;11200017;099097237000108;SALVOU;NAO SALVA;Multi Empresa;Adicional;01/01/2015 00:00:00;31/12/2030 00:00:00;21;55343;17/10/2018;10/02/2019;2018-12-04 14:34:49.000000;A cobertura inicia a partir da data de averbacao (Data de Embarque = Data de Averbacao);24
ATM ADELINO;11200017;099097237000108;SALVOU;NAO SALVA;Multi Empresa;Adicional;01/01/2015 00:00:00;31/12/2030 00:00:00;27;123;06/02/2018;28/02/2020;2018-06-20 16:18:52.535189;O segurado deve averbar antes do embarque;
ATM ADELINO;11200017;099097237000108;SALVOU;NAO SALVA;Multi Empresa;Adicional;01/01/2015 00:00:00;31/12/2030 00:00:00;44;123456;02/02/2018;28/02/2019;2018-12-03 10:24:48.747729;O segurado tem o prazo maximo de horas para averbar de;72
ATM ADELINO;11200017;099097237000108;SALVOU;NAO SALVA;Multi Empresa;Adicional;01/01/2015 00:00:00;31/12/2030 00:00:00;54;1111;01/12/2018;31/07/2019;2018-12-10 08:59:35.000000;O segurado deve averbar antes do embarque;
ATM ADELINO;11200017;099097237000108;SALVOU;NAO SALVA;Multi Empresa;Adicional;01/01/2015 00:00:00;31/12/2030 00:00:00;55;1111;01/12/2018;31/07/2019;2018-12-10 09:00:17.000000;O segurado deve averbar antes do embarque;
ATM ADELINO;11200017;099097237000108;SALVOU;NAO SALVA;Multi Empresa;Adicional;01/01/2015 00:00:00;31/12/2030 00:00:00;56;4234;01/08/2017;03/08/2019;2018-06-20 16:18:52.535189;O segurado deve averbar antes do embarque;
ATM ADELINO;11200017;099097237000108;SALVOU;NAO SALVA;Multi Empresa;Adicional;01/01/2015 00:00:00;31/12/2030 00:00:00;95;123;04/08/2017;02/11/2019;2018-06-20 16:18:52.535189;O segurado pode averbar no dia do embarque (at? 23hs59);24
ATM ADELINO;11200017;099097237000108;SALVOU;NAO SALVA;Multi Empresa;Adicional;01/01/2015 00:00:00;31/12/2030 00:00:00;96;E;01/06/2019;10/11/2019;2018-06-20 16:18:52.535189;A cobertura inicia a partir da data de averbacao (Data de Embarque = Data de Averbacao);24
ATM ADELINO;11251575;000063960000109;WAL MART BRASIL;WAL MART BRASIL LTDA;Empresarial;Adicional;18/09/2017 00:00:00;31/12/2020 00:00:00;21;julia;01/12/2017;31/10/2019;2018-11-07 10:52:11.346285;O segurado tem o prazo maximo de horas para averbar de;1
ATM ADELINO;11251575;001162518000194;ATMFRANZ;ATM-FRANZ;Empresarial;Adicional;18/09/2017 00:00:00;31/12/2020 00:00:00;54;TESTE;01/12/2017;31/10/2019;2018-11-07 10:52:31.000000;;24 
ATM ADELINO;11251575;001472720000384;MOTOROLA;MOTOROLA;Empresarial;Adicional;18/09/2017 00:00:00;31/12/2020 00:00:00;21;julia;01/12/2017;31/10/2019;2018-11-07 10:52:11.346285;O segurado tem o prazo maximo de horas para averbar de;1
ATM ADELINO;11251575;001502510000120;APK WALMART;APK LOG. WALMART;Empresarial;Adicional;18/09/2017 00:00:00;31/12/2020 00:00:00;54;TESTE;01/12/2017;31/10/2019;2018-11-07 10:52:27.000000;;24 
ATM ADELINO;11251575;002865246002448;MM;MM;Empresarial;Adicional;18/09/2017 00:00:00;31/12/2020 00:00:00;21;julia;01/12/2017;31/10/2019;2018-11-07 10:52:11.346285;O segurado tem o prazo maximo de horas para averbar de;1
ATM ADELINO;11251575;002932074000191;HYPERMARCAS 1;HYPERMARCAS 1;Empresarial;Adicional;18/09/2017 00:00:00;31/12/2020 00:00:00;21;julia;01/12/2017;31/10/2019;2018-11-07 10:52:11.346285;O segurado tem o prazo maximo de horas para averbar de;1
ATM ADELINO;11251575;003615415000168;COOP SOROCABA;COOP. TRANSP.AUT. DE BENS DE SOROCABA;Empresarial;Adicional;18/09/2017 00:00:00;31/12/2020 00:00:00;54;TESTE;01/12/2017;31/10/2019;2018-11-07 10:52:31.000000;;24 
ATM ADELINO;11251575;004644892000114;BRIC;BRIC;Empresarial;Adicional;18/09/2017 00:00:00;31/12/2020 00:00:00;21;julia;01/12/2017;31/10/2019;2018-11-07 10:52:11.346285;O segurado tem o prazo maximo de horas para averbar de;1
ATM ADELINO;11251575;005154841000258;TESTE M;TESTE M;Empresarial;Adicional;18/09/2017 00:00:00;31/12/2020 00:00:00;54;TESTE;01/12/2017;31/10/2019;2018-11-07 10:52:32.000000;;24 
ATM ADELINO;11251575;007019308000128;DIAMOND;DIAMOND BUSINESS TRADING;Empresarial;Adicional;18/09/2017 00:00:00;31/12/2020 00:00:00;21;julia;01/12/2017;31/10/2019;2018-11-07 10:52:11.346285;O segurado tem o prazo maximo de horas para averbar de;1
ATM ADELINO;11251575;010918175000136;PHILIPS;PHILIPS DO BRASIL LTDA;Empresarial;Adicional;18/09/2017 00:00:00;31/12/2020 00:00:00;21;julia;01/12/2017;31/10/2019;2018-11-07 10:52:11.346285;O segurado tem o prazo maximo de horas para averbar de;1
ATM ADELINO;11251575;010970887000102;FEDEX;FEDEX BRASIL LOG. E TRANSP. SA;Empresarial;Adicional;18/09/2017 00:00:00;31/12/2020 00:00:00;54;TESTE;01/12/2017;31/10/2019;2018-11-07 10:52:28.000000;;24 
ATM ADELINO;11251575;011283356000104;PHILCO;PHILCO ELETRONICOS LTDA;Empresarial;Adicional;18/09/2017 00:00:00;31/12/2020 00:00:00;21;julia;01/12/2017;31/10/2019;2018-11-07 10:52:11.346285;O segurado tem o prazo maximo de horas para averbar de;1
ATM ADELINO;11251575;013699433000129;BRIT ELETRO;BRIT ELETRO;Empresarial;Adicional;18/09/2017 00:00:00;31/12/2020 00:00:00;21;julia;01/12/2017;31/10/2019;2018-11-07 10:52:11.346285;O segurado tem o prazo maximo de horas para averbar de;1
ATM ADELINO;11251575;014842988000140;APX LOGISTICA;APX LOGISTICA E TRANSPORTES LTDA;Empresarial;Adicional;18/09/2017 00:00:00;31/12/2020 00:00:00;54;TESTE;01/12/2017;31/10/2019;2018-11-07 10:52:28.000000;;24 
ATM ADELINO;11251575;016233029000153;TESTE;TESTE;Empresarial;Adicional;18/09/2017 00:00:00;31/12/2020 00:00:00;21;julia;01/12/2017;31/10/2019;2018-11-07 10:52:11.346285;O segurado tem o prazo maximo de horas para averbar de;1
ATM ADELINO;11251575;017463456000352;PATRUS MATRIZ;PATRUS MATRIZ;Empresarial;Adicional;18/09/2017 00:00:00;31/12/2020 00:00:00;54;TESTE;01/12/2017;31/10/2019;2018-11-07 10:52:30.000000;;24 
ATM ADELINO;11251575;017463456001324;PATRUS;PATRUS TRANSPS. URG. LTDA.;Empresarial;Adicional;18/09/2017 00:00:00;31/12/2020 00:00:00;54;TESTE;01/12/2017;31/10/2019;2018-11-07 10:52:30.000000;;24 
ATM ADELINO;11251575;019191720000100;BRITANIA ARMAZE;BRITANIA ARMAZEM;Empresarial;Adicional;18/09/2017 00:00:00;31/12/2020 00:00:00;21;julia;01/12/2017;31/10/2019;2018-11-07 10:52:11.346285;O segurado tem o prazo maximo de horas para averbar de;1
ATM ADELINO;11251575;022928465000140;TESTE;TESTE FINAL 2;Empresarial;Adicional;18/09/2017 00:00:00;31/12/2020 00:00:00;21;julia;01/12/2017;31/10/2019;2018-11-07 10:52:11.346285;O segurado tem o prazo maximo de horas para averbar de;1
ATM ADELINO;11251575;045207900000142;JUADICEMPRE;TESTE JU ADIC EMP;Empresarial;Adicional;18/09/2017 00:00:00;31/12/2020 00:00:00;21;julia;01/12/2017;31/10/2019;2018-11-07 10:52:11.346285;O segurado tem o prazo maximo de horas para averbar de;1
ATM ADELINO;11251575;048599434000186;TESTE 2;TESTE FINAL;Empresarial;Adicional;18/09/2017 00:00:00;31/12/2020 00:00:00;21;julia;01/12/2017;31/10/2019;2018-11-07 10:52:11.346285;O segurado tem o prazo maximo de horas para averbar de;1
ATM ADELINO;11251575;050254200000149;PHILIPS MEDICAL;PHILIPS MEDICAL;Empresarial;Adicional;18/09/2017 00:00:00;31/12/2020 00:00:00;21;julia;01/12/2017;31/10/2019;2018-11-07 10:52:11.346285;O segurado tem o prazo maximo de horas para averbar de;1
ATM ADELINO;11251575;058295213000178;PHILIPS MEDICAL;PHILIPS MEDICAL;Empresarial;Adicional;18/09/2017 00:00:00;31/12/2020 00:00:00;21;julia;01/12/2017;31/10/2019;2018-11-07 10:52:11.346285;O segurado tem o prazo maximo de horas para averbar de;1
ATM ADELINO;11251575;061082426000398;COSMED;COSMED;Empresarial;Adicional;18/09/2017 00:00:00;31/12/2020 00:00:00;21;julia;01/12/2017;31/10/2019;2018-11-07 10:52:11.346285;O segurado tem o prazo maximo de horas para averbar de;1
ATM ADELINO;11251575;061086336000103;PHILIPS;PHILIPS DO BRASIL LTDA;Empresarial;Adicional;18/09/2017 00:00:00;31/12/2020 00:00:00;21;julia;01/12/2017;31/10/2019;2018-11-07 10:52:11.346285;O segurado tem o prazo maximo de horas para averbar de;1
ATM ADELINO;11251575;061831244000100;PLP - PRODUTOS;PLP - PRODUTOS PARA LINHAS PREFORMADOS;Empresarial;Adicional;18/09/2017 00:00:00;31/12/2020 00:00:00;21;julia;01/12/2017;31/10/2019;2018-11-07 10:52:11.346285;O segurado tem o prazo maximo de horas para averbar de;1
ATM ADELINO;11251575;062166848000908;DIAGEO RJ;DIAGEO RJ;Empresarial;Adicional;18/09/2017 00:00:00;31/12/2020 00:00:00;21;julia;01/12/2017;31/10/2019;2018-11-07 10:52:11.346285;O segurado tem o prazo maximo de horas para averbar de;1
ATM ADELINO;11251575;076492701000157;BRITANIA;BRITANIA ELETRODOMESTICOS LTDA;Empresarial;Adicional;18/09/2017 00:00:00;31/12/2020 00:00:00;21;julia;01/12/2017;31/10/2019;2018-11-07 10:52:11.346285;O segurado tem o prazo maximo de horas para averbar de;1
ATM ADELINO;11251575;077584484000198;TESTE MARCIO;TESTE MARCIO;Empresarial;Adicional;18/09/2017 00:00:00;31/12/2020 00:00:00;54;TESTE;01/12/2017;31/10/2019;2018-11-07 10:52:32.000000;;24 
ATM ADELINO;11251575;081073892000152;PRIME;PRIME INDUSTRIA COMERCIO LTDA;Empresarial;Adicional;18/09/2017 00:00:00;31/12/2020 00:00:00;21;julia;01/12/2017;31/10/2019;2018-11-07 10:52:11.346285;O segurado tem o prazo maximo de horas para averbar de;1
ATM ADELINO;11251575;081243735000148;POSINFO;POSINFO;Empresarial;Adicional;18/09/2017 00:00:00;31/12/2020 00:00:00;21;julia;01/12/2017;31/10/2019;2018-11-07 10:52:11.346285;O segurado tem o prazo maximo de horas para averbar de;1
ATM ADELINO;11251575;084447804000123;SUZUKI MOTOS;SUZUKI MOTOS;Empresarial;Adicional;18/09/2017 00:00:00;31/12/2020 00:00:00;21;julia;01/12/2017;31/10/2019;2018-11-07 10:52:11.346285;O segurado tem o prazo maximo de horas para averbar de;1
ATM ADELINO;11251575;093209765000621;TESTE WAL;WAL MART TESTE;Empresarial;Adicional;18/09/2017 00:00:00;31/12/2020 00:00:00;21;julia;01/12/2017;31/10/2019;2018-11-07 10:52:11.346285;O segurado tem o prazo maximo de horas para averbar de;1
ATM ADELINO;11251575;096272520000122;TESTE 2;TESTE 2;Empresarial;Adicional;18/09/2017 00:00:00;31/12/2020 00:00:00;21;julia;01/12/2017;31/10/2019;2018-11-07 10:52:11.346285;O segurado tem o prazo maximo de horas para averbar de;1
ATM ADELINO;11251575;098009710000187;JUADICEMPRE;TESTE JU ADIC EMP;Empresarial;Adicional;18/09/2017 00:00:00;31/12/2020 00:00:00;21;julia;01/12/2017;31/10/2019;2018-11-07 10:52:11.346285;O segurado tem o prazo maximo de horas para averbar de;1
ATM ADELINO;11270055;000000000000191;TESTE;TESTE;Multi Empresa;Adicional;01/01/2015 00:00:00;31/12/2030 00:00:00;21;21;18/09/2018;31/12/2019;2018-12-10 09:58:04.000000;O segurado deve averbar antes do embarque;
ATM ADELINO;11270055;000000000000191;TESTE;TESTE;Multi Empresa;Adicional;01/01/2015 00:00:00;31/12/2030 00:00:00;38;38;11/04/2018;31/12/2019;2018-12-07 10:47:45.000000;O segurado deve averbar antes do embarque;
ATM ADELINO;11270055;000000000000191;TESTE;TESTE;Multi Empresa;Adicional;01/01/2015 00:00:00;31/12/2030 00:00:00;44;1234;15/10/2018;31/12/2019;2018-12-07 10:47:33.000000;O segurado deve averbar antes do embarque;
ATM ADELINO;11270055;000000000000191;TESTE;TESTE;Multi Empresa;Adicional;01/01/2015 00:00:00;31/12/2030 00:00:00;54;232;01/11/2018;31/12/2019;2018-12-07 10:47:58.000000;O segurado deve averbar antes do embarque;
ATM ADELINO;11270055;000000000000191;TESTE;TESTE;Multi Empresa;Adicional;01/01/2015 00:00:00;31/12/2030 00:00:00;55;232;01/11/2018;31/12/2019;2018-12-07 10:48:29.000000;O segurado deve averbar antes do embarque;
ATM ADELINO;11270055;000000000000191;TESTE;TESTE;Multi Empresa;Adicional;01/01/2015 00:00:00;31/12/2030 00:00:00;95;TESTE;11/07/2015;31/12/2019;2018-12-07 10:48:40.000000;O segurado tem o prazo maximo de horas para averbar de;0  
ATM ADELINO;11270055;000000000000191;TESTE;TESTE;Multi Empresa;Adicional;01/01/2015 00:00:00;31/12/2030 00:00:00;96;TESTE;12/07/2015;31/12/2019;2018-12-07 10:49:36.000000;A cobertura inicia a partir da data de averbacao (Data de Embarque = Data de Averbacao);24
ATM ADELINO;11270055;000945852000151;TESTE SERPRO;TESTE SERPRO;Multi Empresa;Adicional;01/01/2015 00:00:00;31/12/2030 00:00:00;21;21;18/09/2018;31/12/2019;2018-12-10 09:58:04.000000;O segurado deve averbar antes do embarque;
ATM ADELINO;11270055;000945852000151;TESTE SERPRO;TESTE SERPRO;Multi Empresa;Adicional;01/01/2015 00:00:00;31/12/2030 00:00:00;38;38;11/04/2018;31/12/2019;2018-12-07 10:47:45.000000;O segurado deve averbar antes do embarque;
ATM ADELINO;11270055;000945852000151;TESTE SERPRO;TESTE SERPRO;Multi Empresa;Adicional;01/01/2015 00:00:00;31/12/2030 00:00:00;44;1234;15/10/2018;31/12/2019;2018-12-07 10:47:33.000000;O segurado deve averbar antes do embarque;
ATM ADELINO;11270055;000945852000151;TESTE SERPRO;TESTE SERPRO;Multi Empresa;Adicional;01/01/2015 00:00:00;31/12/2030 00:00:00;54;232;01/11/2018;31/12/2019;2018-12-07 10:47:58.000000;O segurado deve averbar antes do embarque;
ATM ADELINO;11270055;000945852000151;TESTE SERPRO;TESTE SERPRO;Multi Empresa;Adicional;01/01/2015 00:00:00;31/12/2030 00:00:00;55;232;01/11/2018;31/12/2019;2018-12-07 10:48:29.000000;O segurado deve averbar antes do embarque;
ATM ADELINO;11270055;000945852000151;TESTE SERPRO;TESTE SERPRO;Multi Empresa;Adicional;01/01/2015 00:00:00;31/12/2030 00:00:00;95;TESTE;11/07/2015;31/12/2019;2018-12-07 10:48:40.000000;O segurado tem o prazo maximo de horas para averbar de;0  
ATM ADELINO;11270055;000945852000151;TESTE SERPRO;TESTE SERPRO;Multi Empresa;Adicional;01/01/2015 00:00:00;31/12/2030 00:00:00;96;TESTE;12/07/2015;31/12/2019;2018-12-07 10:49:36.000000;A cobertura inicia a partir da data de averbacao (Data de Embarque = Data de Averbacao);24
ATM ADELINO;11270055;006151921000646;TESTE2;TESTE2;Multi Empresa;Adicional;01/01/2015 00:00:00;31/12/2030 00:00:00;21;21;18/09/2018;31/12/2019;2018-12-10 09:58:04.000000;O segurado deve averbar antes do embarque;
ATM ADELINO;11270055;006151921000646;TESTE2;TESTE2;Multi Empresa;Adicional;01/01/2015 00:00:00;31/12/2030 00:00:00;38;38;11/04/2018;31/12/2019;2018-12-07 10:47:45.000000;O segurado deve averbar antes do embarque;
ATM ADELINO;11270055;006151921000646;TESTE2;TESTE2;Multi Empresa;Adicional;01/01/2015 00:00:00;31/12/2030 00:00:00;44;1234;15/10/2018;31/12/2019;2018-12-07 10:47:33.000000;O segurado deve averbar antes do embarque;
ATM ADELINO;11270055;006151921000646;TESTE2;TESTE2;Multi Empresa;Adicional;01/01/2015 00:00:00;31/12/2030 00:00:00;54;232;01/11/2018;31/12/2019;2018-12-07 10:47:58.000000;O segurado deve averbar antes do embarque;
ATM ADELINO;11270055;006151921000646;TESTE2;TESTE2;Multi Empresa;Adicional;01/01/2015 00:00:00;31/12/2030 00:00:00;55;232;01/11/2018;31/12/2019;2018-12-07 10:48:29.000000;O segurado deve averbar antes do embarque;
ATM ADELINO;11270055;006151921000646;TESTE2;TESTE2;Multi Empresa;Adicional;01/01/2015 00:00:00;31/12/2030 00:00:00;95;TESTE;11/07/2015;31/12/2019;2018-12-07 10:48:40.000000;O segurado tem o prazo maximo de horas para averbar de;0  
ATM ADELINO;11270055;006151921000646;TESTE2;TESTE2;Multi Empresa;Adicional;01/01/2015 00:00:00;31/12/2030 00:00:00;96;TESTE;12/07/2015;31/12/2019;2018-12-07 10:49:36.000000;A cobertura inicia a partir da data de averbacao (Data de Embarque = Data de Averbacao);24
ATM ADELINO;11270055;007969968000170;TESTE3;TESTE3;Multi Empresa;Adicional;01/01/2015 00:00:00;31/12/2030 00:00:00;21;21;18/09/2018;31/12/2019;2018-12-10 09:58:04.000000;O segurado deve averbar antes do embarque;
ATM ADELINO;11270055;007969968000170;TESTE3;TESTE3;Multi Empresa;Adicional;01/01/2015 00:00:00;31/12/2030 00:00:00;38;38;11/04/2018;31/12/2019;2018-12-07 10:47:45.000000;O segurado deve averbar antes do embarque;
ATM ADELINO;11270055;007969968000170;TESTE3;TESTE3;Multi Empresa;Adicional;01/01/2015 00:00:00;31/12/2030 00:00:00;44;1234;15/10/2018;31/12/2019;2018-12-07 10:47:33.000000;O segurado deve averbar antes do embarque;
ATM ADELINO;11270055;007969968000170;TESTE3;TESTE3;Multi Empresa;Adicional;01/01/2015 00:00:00;31/12/2030 00:00:00;54;232;01/11/2018;31/12/2019;2018-12-07 10:47:58.000000;O segurado deve averbar antes do embarque;
ATM ADELINO;11270055;007969968000170;TESTE3;TESTE3;Multi Empresa;Adicional;01/01/2015 00:00:00;31/12/2030 00:00:00;55;232;01/11/2018;31/12/2019;2018-12-07 10:48:29.000000;O segurado deve averbar antes do embarque;
ATM ADELINO;11270055;007969968000170;TESTE3;TESTE3;Multi Empresa;Adicional;01/01/2015 00:00:00;31/12/2030 00:00:00;95;TESTE;11/07/2015;31/12/2019;2018-12-07 10:48:40.000000;O segurado tem o prazo maximo de horas para averbar de;0  
ATM ADELINO;11270055;007969968000170;TESTE3;TESTE3;Multi Empresa;Adicional;01/01/2015 00:00:00;31/12/2030 00:00:00;96;TESTE;12/07/2015;31/12/2019;2018-12-07 10:49:36.000000;A cobertura inicia a partir da data de averbacao (Data de Embarque = Data de Averbacao);24
ATM ADELINO;11270055;054044681000119;HV;HUDSON VIADINHO;Multi Empresa;Adicional;01/01/2015 00:00:00;31/12/2030 00:00:00;21;21;18/09/2018;31/12/2019;2018-12-10 09:58:04.000000;O segurado deve averbar antes do embarque;
ATM ADELINO;11270055;054044681000119;HV;HUDSON VIADINHO;Multi Empresa;Adicional;01/01/2015 00:00:00;31/12/2030 00:00:00;38;38;11/04/2018;31/12/2019;2018-12-07 10:47:45.000000;O segurado deve averbar antes do embarque;
ATM ADELINO;11270055;054044681000119;HV;HUDSON VIADINHO;Multi Empresa;Adicional;01/01/2015 00:00:00;31/12/2030 00:00:00;44;1234;15/10/2018;31/12/2019;2018-12-07 10:47:33.000000;O segurado deve averbar antes do embarque;
ATM ADELINO;11270055;054044681000119;HV;HUDSON VIADINHO;Multi Empresa;Adicional;01/01/2015 00:00:00;31/12/2030 00:00:00;54;232;01/11/2018;31/12/2019;2018-12-07 10:47:58.000000;O segurado deve averbar antes do embarque;
ATM ADELINO;11270055;054044681000119;HV;HUDSON VIADINHO;Multi Empresa;Adicional;01/01/2015 00:00:00;31/12/2030 00:00:00;55;232;01/11/2018;31/12/2019;2018-12-07 10:48:29.000000;O segurado deve averbar antes do embarque;
ATM ADELINO;11270055;054044681000119;HV;HUDSON VIADINHO;Multi Empresa;Adicional;01/01/2015 00:00:00;31/12/2030 00:00:00;95;TESTE;11/07/2015;31/12/2019;2018-12-07 10:48:40.000000;O segurado tem o prazo maximo de horas para averbar de;0  
ATM ADELINO;11270055;054044681000119;HV;HUDSON VIADINHO;Multi Empresa;Adicional;01/01/2015 00:00:00;31/12/2030 00:00:00;96;TESTE;12/07/2015;31/12/2019;2018-12-07 10:49:36.000000;A cobertura inicia a partir da data de averbacao (Data de Embarque = Data de Averbacao);24
ATM ADELINO;11270055;088728027000146;TESTE4;TESTE4;Multi Empresa;Adicional;01/01/2015 00:00:00;31/12/2030 00:00:00;21;21;18/09/2018;31/12/2019;2018-12-10 09:58:04.000000;O segurado deve averbar antes do embarque;
ATM ADELINO;11270055;088728027000146;TESTE4;TESTE4;Multi Empresa;Adicional;01/01/2015 00:00:00;31/12/2030 00:00:00;38;38;11/04/2018;31/12/2019;2018-12-07 10:47:45.000000;O segurado deve averbar antes do embarque;
ATM ADELINO;11270055;088728027000146;TESTE4;TESTE4;Multi Empresa;Adicional;01/01/2015 00:00:00;31/12/2030 00:00:00;44;1234;15/10/2018;31/12/2019;2018-12-07 10:47:33.000000;O segurado deve averbar antes do embarque;
ATM ADELINO;11270055;088728027000146;TESTE4;TESTE4;Multi Empresa;Adicional;01/01/2015 00:00:00;31/12/2030 00:00:00;54;232;01/11/2018;31/12/2019;2018-12-07 10:47:58.000000;O segurado deve averbar antes do embarque;
ATM ADELINO;11270055;088728027000146;TESTE4;TESTE4;Multi Empresa;Adicional;01/01/2015 00:00:00;31/12/2030 00:00:00;55;232;01/11/2018;31/12/2019;2018-12-07 10:48:29.000000;O segurado deve averbar antes do embarque;
ATM ADELINO;11270055;088728027000146;TESTE4;TESTE4;Multi Empresa;Adicional;01/01/2015 00:00:00;31/12/2030 00:00:00;95;TESTE;11/07/2015;31/12/2019;2018-12-07 10:48:40.000000;O segurado tem o prazo maximo de horas para averbar de;0  
ATM ADELINO;11270055;088728027000146;TESTE4;TESTE4;Multi Empresa;Adicional;01/01/2015 00:00:00;31/12/2030 00:00:00;96;TESTE;12/07/2015;31/12/2019;2018-12-07 10:49:36.000000;A cobertura inicia a partir da data de averbacao (Data de Embarque = Data de Averbacao);24
ATM ADELINO;11350145;001083012000190;ATM-JULIA;ATM ALTA TECNOLOGIA E METODOS;Empresarial;Adicional;01/01/2015 00:00:00;31/12/2030 00:00:00;54;teste;04/08/2017;30/12/2019;2018-12-12 13:50:40.000000;;
ATM ADELINO;11350145;005111732000172;TESTE;TESTE;Empresarial;Adicional;01/01/2015 00:00:00;31/12/2030 00:00:00;21;teste;04/08/2017;30/12/2019;2018-12-12 13:50:02.670192;O segurado deve averbar antes do embarque;
ATM ADELINO;11350145;006210382000164;FERNANDO;FERNANDO;Empresarial;Adicional;01/01/2015 00:00:00;31/12/2030 00:00:00;54;teste;04/08/2017;30/12/2019;2018-12-12 13:50:40.000000;;
ATM ADELINO;11350145;036183506000120;ATM-FERNANDO;ATM TESTE FERNANDO;Empresarial;Adicional;01/01/2015 00:00:00;31/12/2030 00:00:00;54;teste;04/08/2017;30/12/2019;2018-12-12 13:50:40.000000;;
ATM ADELINO;11350145;081254556000106;TRANS BATATA;BATATA FRITA TRANS;Empresarial;Adicional;01/01/2015 00:00:00;31/12/2030 00:00:00;54;teste;04/08/2017;30/12/2019;2018-12-12 13:50:40.000000;;
ATM ADELINO;11360075;000944396000125;FSDF;FSDF;Empresarial;Adicional;01/01/2015 00:00:00;31/12/2030 00:00:00;21;123;01/02/2018;31/01/2019;2019-01-10 15:53:59.554780;O segurado deve averbar antes do embarque;
ATM ADELINO;11360075;001083012000190;ATM-JULIA;ATM ALTA TECNOLOGIA E METODOS;Empresarial;Adicional;01/01/2015 00:00:00;31/12/2030 00:00:00;54;1234;01/02/2018;31/01/2019;2019-01-10 15:53:59.000000;;
ATM ADELINO;11360075;001162518000194;TESTE FRANZ;TESTE FRANZ;Empresarial;Adicional;01/01/2015 00:00:00;31/12/2030 00:00:00;54;1234;01/02/2018;31/01/2019;2019-01-10 15:53:59.000000;;
ATM ADELINO;11360075;054044681000119;WESLLEY;WESLLEY;Empresarial;Adicional;01/01/2015 00:00:00;31/12/2030 00:00:00;54;1234;01/02/2018;31/01/2019;2019-01-10 15:54:00.000000;;
ATM ADELINO;11360075;059514275000196;59514275000196;59514275000196;Empresarial;Adicional;01/01/2015 00:00:00;31/12/2030 00:00:00;21;123;01/02/2018;31/01/2019;2019-01-10 15:53:59.554780;O segurado deve averbar antes do embarque;
ATM ADELINO;11360075;068898310000109;FSDF;FSDF;Empresarial;Adicional;01/01/2015 00:00:00;31/12/2030 00:00:00;21;123;01/02/2018;31/01/2019;2019-01-10 15:53:59.554780;O segurado deve averbar antes do embarque;
ATMFLADEMIR POSTPC;11372070;022849738000160;22.849.738/0001;22.849.738/0001-60;Multi Empresa;Adicional;01/03/2018 00:00:00;31/12/2020 00:00:00;27;EM EMISSAO;07/03/2018;31/12/2020;2018-11-27 18:14:59.356648;O segurado tem o prazo maximo de horas para averbar de;0
ATMFLADEMIR POSTPC;11372070;022849738000160;22.849.738/0001;22.849.738/0001-60;Multi Empresa;Adicional;01/03/2018 00:00:00;31/12/2020 00:00:00;38;EM EMISSAO;07/03/2018;31/12/2020;2018-03-29 16:12:38.261908;O segurado tem o prazo maximo de horas para averbar de;0
ATMFLADEMIR POSTPC;11372070;022849738000160;22.849.738/0001;22.849.738/0001-60;Multi Empresa;Adicional;01/03/2018 00:00:00;31/12/2020 00:00:00;44;EM EMISSAO;07/03/2018;31/12/2020;2018-03-29 16:12:38.549600;O segurado tem o prazo maximo de horas para averbar de;0
ATMFLADEMIR POSTPC;11372070;022849738000160;22.849.738/0001;22.849.738/0001-60;Multi Empresa;Adicional;01/03/2018 00:00:00;31/12/2020 00:00:00;54;EM EMISSAO;07/03/2018;31/12/2020;2018-12-19 16:50:26.704662;O segurado tem o prazo maximo de horas para averbar de;0
ATMFLADEMIR POSTPC;11372070;022849738000160;22.849.738/0001;22.849.738/0001-60;Multi Empresa;Adicional;01/03/2018 00:00:00;31/12/2020 00:00:00;55;EM EMISSAO;07/03/2018;31/12/2020;2018-12-19 16:50:26.698656;O segurado tem o prazo maximo de horas para averbar de;0
ATMFLADEMIR POSTPC;11372070;022849738000160;22.849.738/0001;22.849.738/0001-60;Multi Empresa;Adicional;01/03/2018 00:00:00;31/12/2020 00:00:00;56;EM EMISSAO;07/03/2018;31/12/2020;2018-03-29 16:12:39.453008;O segurado tem o prazo maximo de horas para averbar de;0
ATMFLADEMIR POSTPC;11372070;022849738000160;22.849.738/0001;22.849.738/0001-60;Multi Empresa;Adicional;01/03/2018 00:00:00;31/12/2020 00:00:00;58;EM EMISSAO;07/03/2018;31/12/2020;2018-03-29 16:12:39.737130;O segurado tem o prazo maximo de horas para averbar de;0
ATMFLADEMIR POSTPC;11372070;022849738000160;22.849.738/0001;22.849.738/0001-60;Multi Empresa;Adicional;01/03/2018 00:00:00;31/12/2020 00:00:00;95;EM EMISSAO;07/03/2018;31/12/2020;2018-03-29 16:12:40.024220;O segurado tem o prazo maximo de horas para averbar de;0
ATMFLADEMIR POSTPC;11372070;022849738000160;22.849.738/0001;22.849.738/0001-60;Multi Empresa;Adicional;01/03/2018 00:00:00;31/12/2020 00:00:00;96;EM EMISSAO;07/03/2018;31/01/2020;2018-03-29 16:12:37.362617;O segurado tem o prazo maximo de horas para averbar de;0
ATMFLADEMIR POSTPC;11372070;035137169000172;TESTE FLAG;TESTE FLAG PADRAO;Multi Empresa;Adicional;01/03/2018 00:00:00;31/12/2020 00:00:00;27;EM EMISSAO;07/03/2018;31/12/2020;2018-11-27 18:14:59.356648;O segurado tem o prazo maximo de horas para averbar de;0
ATMFLADEMIR POSTPC;11372070;035137169000172;TESTE FLAG;TESTE FLAG PADRAO;Multi Empresa;Adicional;01/03/2018 00:00:00;31/12/2020 00:00:00;38;EM EMISSAO;07/03/2018;31/12/2020;2018-03-29 16:12:38.261908;O segurado tem o prazo maximo de horas para averbar de;0
ATMFLADEMIR POSTPC;11372070;035137169000172;TESTE FLAG;TESTE FLAG PADRAO;Multi Empresa;Adicional;01/03/2018 00:00:00;31/12/2020 00:00:00;44;EM EMISSAO;07/03/2018;31/12/2020;2018-03-29 16:12:38.549600;O segurado tem o prazo maximo de horas para averbar de;0
ATMFLADEMIR POSTPC;11372070;035137169000172;TESTE FLAG;TESTE FLAG PADRAO;Multi Empresa;Adicional;01/03/2018 00:00:00;31/12/2020 00:00:00;54;EM EMISSAO;07/03/2018;31/12/2020;2018-12-19 16:50:26.704662;O segurado tem o prazo maximo de horas para averbar de;0
ATMFLADEMIR POSTPC;11372070;035137169000172;TESTE FLAG;TESTE FLAG PADRAO;Multi Empresa;Adicional;01/03/2018 00:00:00;31/12/2020 00:00:00;55;EM EMISSAO;07/03/2018;31/12/2020;2018-12-19 16:50:26.698656;O segurado tem o prazo maximo de horas para averbar de;0
ATMFLADEMIR POSTPC;11372070;035137169000172;TESTE FLAG;TESTE FLAG PADRAO;Multi Empresa;Adicional;01/03/2018 00:00:00;31/12/2020 00:00:00;56;EM EMISSAO;07/03/2018;31/12/2020;2018-03-29 16:12:39.453008;O segurado tem o prazo maximo de horas para averbar de;0
ATMFLADEMIR POSTPC;11372070;035137169000172;TESTE FLAG;TESTE FLAG PADRAO;Multi Empresa;Adicional;01/03/2018 00:00:00;31/12/2020 00:00:00;58;EM EMISSAO;07/03/2018;31/12/2020;2018-03-29 16:12:39.737130;O segurado tem o prazo maximo de horas para averbar de;0
ATMFLADEMIR POSTPC;11372070;035137169000172;TESTE FLAG;TESTE FLAG PADRAO;Multi Empresa;Adicional;01/03/2018 00:00:00;31/12/2020 00:00:00;95;EM EMISSAO;07/03/2018;31/12/2020;2018-03-29 16:12:40.024220;O segurado tem o prazo maximo de horas para averbar de;0
ATMFLADEMIR POSTPC;11372070;035137169000172;TESTE FLAG;TESTE FLAG PADRAO;Multi Empresa;Adicional;01/03/2018 00:00:00;31/12/2020 00:00:00;96;EM EMISSAO;07/03/2018;31/01/2020;2018-03-29 16:12:37.362617;O segurado tem o prazo maximo de horas para averbar de;0
ATMFLADEMIR POSTPC;11372070;099424351000197;TESTE FLAG 2;TESTE FLAG 2;Multi Empresa;Adicional;01/03/2018 00:00:00;31/12/2020 00:00:00;27;EM EMISSAO;07/03/2018;31/12/2020;2018-11-27 18:14:59.356648;O segurado tem o prazo maximo de horas para averbar de;0
ATMFLADEMIR POSTPC;11372070;099424351000197;TESTE FLAG 2;TESTE FLAG 2;Multi Empresa;Adicional;01/03/2018 00:00:00;31/12/2020 00:00:00;38;EM EMISSAO;07/03/2018;31/12/2020;2018-03-29 16:12:38.261908;O segurado tem o prazo maximo de horas para averbar de;0
ATMFLADEMIR POSTPC;11372070;099424351000197;TESTE FLAG 2;TESTE FLAG 2;Multi Empresa;Adicional;01/03/2018 00:00:00;31/12/2020 00:00:00;44;EM EMISSAO;07/03/2018;31/12/2020;2018-03-29 16:12:38.549600;O segurado tem o prazo maximo de horas para averbar de;0
ATMFLADEMIR POSTPC;11372070;099424351000197;TESTE FLAG 2;TESTE FLAG 2;Multi Empresa;Adicional;01/03/2018 00:00:00;31/12/2020 00:00:00;54;EM EMISSAO;07/03/2018;31/12/2020;2018-12-19 16:50:26.704662;O segurado tem o prazo maximo de horas para averbar de;0
ATMFLADEMIR POSTPC;11372070;099424351000197;TESTE FLAG 2;TESTE FLAG 2;Multi Empresa;Adicional;01/03/2018 00:00:00;31/12/2020 00:00:00;55;EM EMISSAO;07/03/2018;31/12/2020;2018-12-19 16:50:26.698656;O segurado tem o prazo maximo de horas para averbar de;0
ATMFLADEMIR POSTPC;11372070;099424351000197;TESTE FLAG 2;TESTE FLAG 2;Multi Empresa;Adicional;01/03/2018 00:00:00;31/12/2020 00:00:00;56;EM EMISSAO;07/03/2018;31/12/2020;2018-03-29 16:12:39.453008;O segurado tem o prazo maximo de horas para averbar de;0
ATMFLADEMIR POSTPC;11372070;099424351000197;TESTE FLAG 2;TESTE FLAG 2;Multi Empresa;Adicional;01/03/2018 00:00:00;31/12/2020 00:00:00;58;EM EMISSAO;07/03/2018;31/12/2020;2018-03-29 16:12:39.737130;O segurado tem o prazo maximo de horas para averbar de;0
ATMFLADEMIR POSTPC;11372070;099424351000197;TESTE FLAG 2;TESTE FLAG 2;Multi Empresa;Adicional;01/03/2018 00:00:00;31/12/2020 00:00:00;95;EM EMISSAO;07/03/2018;31/12/2020;2018-03-29 16:12:40.024220;O segurado tem o prazo maximo de horas para averbar de;0
ATMFLADEMIR POSTPC;11372070;099424351000197;TESTE FLAG 2;TESTE FLAG 2;Multi Empresa;Adicional;01/03/2018 00:00:00;31/12/2020 00:00:00;96;EM EMISSAO;07/03/2018;31/01/2020;2018-03-29 16:12:37.362617;O segurado tem o prazo maximo de horas para averbar de;0
ATMFLADEMIR POSTPC;11372071;074022723000128;53200767000120;53200767000120;Empresarial;Adicional;10/10/2018 00:00:00;31/12/2020 00:00:00;21;em emissao;01/01/2019;31/01/2019;2019-01-11 11:37:38.000000;O segurado deve averbar antes do embarque;0
